drug_idx,group,canonical_smiles
0,0,Brc1c(NC2=NCCN2)ccc2nccnc12
1,1,C#CC(O)(/C=C/Cl)CC
2,2,C#CC1(O)CCC2C3CCC4=CC(=O)CCC4C3CCC21CC
3,3,C#CCC(Cc1cnc2nc(N)nc(N)c2n1)c1ccc(C(=O)N[C@@H](CCC(=O)O)C(=O)O)cc1
4,4,C#CCN(C)Cc1ccccc1
5,5,C#CCN(C)[C@H](C)Cc1ccccc1
6,6,C#CCN[C@@H]1CCc2ccccc21
7,7,C#C[C@]1(O)C=C[C@H]2[C@@H]3CCC4=CC(=O)CC[C@@H]4[C@H]3CC[C@@]21CC
8,8,C#C[C@]1(O)CC[C@H]2[C@@H]3CCC4=CC(=NO)CC[C@@H]4[C@H]3CC[C@@]21CC
9,9,C#C[C@]1(O)CC[C@H]2[C@@H]3CCC4=CC(=O)CCC4=C3C=C[C@@]21CC
10,10,C#C[C@]1(O)CC[C@H]2[C@@H]3CCC4=CC(=O)CC[C@@H]4[C@H]3C(=C)C[C@@]21CC
11,11,C#C[C@]1(O)CC[C@H]2[C@@H]3CCC4=CC(=O)CC[C@@H]4[C@H]3CC[C@@]21C
12,2,C#C[C@]1(O)CC[C@H]2[C@@H]3CCC4=CC(=O)CC[C@@H]4[C@H]3CC[C@@]21CC
13,12,C#C[C@]1(O)CC[C@H]2[C@@H]3CCC4=CCCC[C@@H]4[C@H]3C(=C)C[C@@]21CC
14,13,C#C[C@]1(O)CC[C@H]2[C@@H]3CCC4=Cc5oncc5C[C@]4(C)[C@H]3CC[C@@]21C
15,14,C#C[C@]1(O)CC[C@H]2[C@@H]3CCc4cc(O)ccc4[C@H]3CC[C@@]21C
16,15,C#C[C@]1(O)CC[C@H]2[C@@H]3CCc4cc(OC)ccc4[C@H]3CC[C@@]21C
17,16,C#C[C@]1(O)CC[C@H]2[C@@H]3CCc4cc(OC5CCCC5)ccc4[C@H]3CC[C@@]21C
18,17,C#C[C@]1(O)CC[C@H]2[C@@H]3[C@H](C)CC4=C(CCC(=O)C4)[C@H]3CC[C@@]21C
19,18,C#C[C@]1(OC(C)=O)CC[C@H]2[C@@H]3CCC4=C/C(=N/O)CC[C@@H]4[C@H]3CC[C@@]21CC
20,19,C#C[C@]1(OC(C)=O)CC[C@H]2[C@@H]3CCC4=C[C@@H](OC(C)=O)CC[C@@H]4[C@H]3CC[C@@]21C
21,20,C#Cc1cccc(Nc2ncnc3cc(OCCOC)c(OCCOC)cc23)c1
22,21,C#Cc1cccc(Nc2ncnc3cc4c(cc23)OCCOCCOCCO4)c1
23,22,C(=Cc1ccccc1)CN1CCN(C(c2ccccc2)c2ccccc2)CC1
24,23,C/C(=C\C(=O)OCCCCCCCCC(=O)O)C[C@@H]1OC[C@H](C[C@@H]2O[C@H]2[C@@H](C)[C@H](C)O)[C@@H](O)[C@H]1O
25,24,C/C(=C\c1csc(C)n1)[C@@H]1C[C@@H]2O[C@]2(C)CCC[C@H](C)[C@H](O)[C@@H](C)C(=O)C(C)(C)[C@@H](O)CC(=O)N1
26,25,C/C(O)=C(\C#N)C(=O)Nc1ccc(C(F)(F)F)cc1
27,26,C/C1=C2/N=C(/C=C3\N=C(/C(C)=C4/[C@@H](CCC(N)=O)[C@](C)(CC(N)=O)[C@](C)([C@@H]5N=C1[C@](C)(CCC(=O)NC[C@@H](C)OP(=O)([O-])O[C@H]1[C@@H](O)[C@@H](n6cnc7cc(C)c(C)cc76)O[C@@H]1CO)[C@H]5CC(N)=O)N4[Co+]C#N)[C@@](C)(CC(N)=O)[C@@H]3CCC(N)=O)C(C)(C)[C@@H]2CCC(N)=O
28,27,C/C=C(C(=C/C)/c1ccc(O)cc1)\c1ccc(O)cc1
29,28,C/C=C/C/C=C/CCC(=O)[C@H]1O[C@H]1C(N)=O
30,29,C/C=C/C[C@@H](C)[C@@H](O)[C@H]1C(=O)N[C@@H](CC)C(=O)N(C)CC(=O)N(C)[C@@H](CC(C)C)C(=O)N[C@@H](C(C)C)C(=O)N(C)[C@@H](CC(C)C)C(=O)N[C@@H](C)C(=O)N[C@H](C)C(=O)N(C)[C@@H](CC(C)C)C(=O)N(C)[C@@H](CC(C)C)C(=O)N(C)[C@@H](C(C)C)C(=O)N1C
31,30,C/C=C1\NC(=O)[C@H]2CSSCC/C=C/[C@H](CC(=O)N[C@H](C(C)C)C(=O)N2)OC(=O)[C@H](C(C)C)NC1=O
32,31,C/N=C(\NC)NCc1ccccc1
33,32,C1CCC(C(CC2CCCCN2)C2CCCCC2)CC1
34,33,C1CNCCN1
35,34,C1N2CN3CN1CN(C2)C3
36,35,C=C(C)[C@@H]1CCC(C)=C[C@H]1c1c(O)cc(CCCCC)cc1O
37,36,C=C(CC)C(=O)c1ccc(OCC(=O)O)c(Cl)c1Cl
38,37,C=C(c1ccc(C(=O)O)cc1)c1cc2c(cc1C)C(C)(C)CCC2(C)C
39,38,C=C1/C(=C\C=C2/CCC[C@]3(C)[C@@H]([C@H](C)/C=C/[C@@H](O)C4CC4)CC[C@@H]23)C[C@@H](O)C[C@@H]1O
40,39,C=C1/C(=C\C=C2/CCC[C@]3(C)[C@@H]([C@H](C)/C=C/[C@H](C)C(C)C)CC[C@@H]23)C[C@@H](O)C[C@@H]1O
41,40,C=C1/C(=C\C=C2/CCC[C@]3(C)[C@@H]([C@H](C)CCCC(C)(C)O)CC[C@@H]23)C[C@@H](O)C[C@@H]1O
42,41,C=C1/C(=C\C=C2/CCC[C@]3(C)[C@@H]([C@H](C)CCCC(C)C)CC[C@@H]23)C[C@@H](O)C[C@@H]1O
43,42,C=C1CCN([C@H](C)[C@](O)(Cn2cncn2)c2ccc(F)cc2F)CC1
44,43,C=C1CC[C@H](O)C/C1=C/C=C1\CCC[C@]2(C)[C@@H]([C@H](C)/C=C/[C@H](C)C(C)C)CC[C@@H]12
45,44,C=C1CC[C@H](O)C/C1=C/C=C1\CCC[C@]2(C)[C@@H]([C@H](C)CCCC(C)(C)O)CC[C@@H]12
46,45,C=C1CC[C@H](O)C/C1=C/C=C1\CCC[C@]2(C)[C@@H]([C@H](C)CCCC(C)C)CC[C@@H]12
47,46,C=C1C[C@@H]2CC[C@@]34C[C@@H]5O[C@@H]6[C@@H](O[C@H]7CC[C@H](CC(=O)C[C@@H]8[C@@H](OC)[C@@H](C[C@H](O)CN)O[C@H]8C[C@H]8O[C@@H](CC[C@@H]1O2)C[C@@H](C)C8=C)O[C@@H]7[C@@H]6O3)[C@H]5O4
48,47,C=C1C[C@@H]2[C@H](CC[C@]3(C)C(=O)CC[C@@H]23)[C@@]2(C)C=CC(=O)C=C12
49,48,C=C1C[C@H]2[C@@H]3CCC4=CC(=O)C=C[C@]4(C)[C@@]3(F)[C@@H](O)C[C@]2(C)[C@@]1(O)C(=O)CO
50,49,C=C1[C@H](CO)[C@@H](O)C[C@@H]1n1cnc2c(=O)nc(N)[nH]c21
51,50,C=C1c2cccc(O)c2C(=O)C2=C(O)[C@]3(O)C(=O)C(C(N)=O)=C(O)[C@@H](N(C)C)[C@@H]3[C@@H](O)[C@H]12
52,51,C=CC(=O)N1CCC[C@@H](n2nc(-c3ccc(Oc4ccccc4)cc3)c3c(N)ncnc32)C1
53,52,C=CC(=O)Nc1cc(Nc2nccc(-c3cn(C)c4ccccc34)n2)c(OC)cc1N(C)CCN(C)C
54,53,C=CC(N)CCC(=O)O
55,54,C=CC1=C(C(=O)O)N2C(=O)[C@@H](NC(=O)/C(=N\O)c3csc(N)n3)[C@H]2SC1
56,55,C=CC1=C(C(=O)O)N2C(=O)[C@@H](NC(=O)/C(=N\OCC(=O)O)c3csc(N)n3)[C@H]2SC1
57,56,C=CCC1(C(C)C#CCC)C(=O)NC(=O)N(C)C1=O
58,57,C=CCC1(C(C)CCC)C(=O)NC(=O)NC1=O
59,58,C=CCC1(C(C)CCC)C(=O)NC(=S)NC1=O
60,59,C=CCC1(CC(C)C)C(=O)NC(=O)NC1=O
61,60,C=CCN.ClCC1CO1
62,61,C=CCN1CC[C@]23CCCC[C@H]2[C@H]1Cc1ccc(O)cc13
63,62,C=CCN1CC[C@]23c4c5ccc(O)c4O[C@H]2C(=O)CC[C@@]3(O)[C@H]1C5
64,63,C=CCN1CC[C@]23c4c5ccc(O)c4O[C@H]2[C@@H](OCCOCCOCCOCCOCCOCCOCCOC)CC[C@@]3(O)[C@H]1C5
65,64,C=CCN1C[C@H](C(=O)N(CCCN(C)C)C(=O)NCC)C[C@@H]2c3cccc4[nH]cc(c34)C[C@H]21
66,65,C=CCOc1ccc(CC(=O)O)cc1Cl
67,66,C=CCOc1ccccc1OCC(O)CNC(C)C
68,67,C=CC[C@@H]1/C=C(\C)C[C@H](C)C[C@H](OC)[C@H]2O[C@@](O)(C(=O)C(=O)N3CCCC[C@H]3C(=O)O[C@H](/C(C)=C/[C@@H]3CC[C@@H](O)[C@H](OC)C3)[C@H](C)[C@@H](O)CC1=O)[C@H](C)C[C@@H]2OC
69,68,C=CC[C@]1(O)CC[C@H]2[C@@H]3CCC4=CCCC[C@@H]4[C@H]3CC[C@@]21C
70,69,C=CC[N+]1([C@H]2C[C@H]3[C@@H]4CC[C@H]5C[C@H](O)[C@@H](N6CCOCC6)C[C@]5(C)[C@H]4CC[C@]3(C)[C@H]2OC(C)=O)CCCC1
71,70,C=CCc1ccccc1OCC(O)CNC(C)C
72,71,C=C[C@@H]1C[C@]1(NC(=O)[C@@H]1C[C@@H](Oc2ncc(OC)c3ccc(Cl)cc23)CN1C(=O)[C@@H](NC(=O)OC(C)(C)C)C(C)(C)C)C(=O)NS(=O)(=O)C1CC1
73,72,C=C[C@@H]1C[C@]1(NC(=O)[C@@H]1C[C@@H]2CN1C(=O)[C@H](C(C)(C)C)NC(=O)O[C@@H]1C[C@H]1CCCCCc1nc3ccc(OC)cc3nc1O2)C(=O)NS(=O)(=O)C1CC1
74,73,C=C[C@H]1CN2CC[C@H]1C[C@@H]2[C@@H](O)c1ccnc2ccc(OC)cc12
75,73,C=C[C@H]1C[N@@]2CC[C@H]1C[C@H]2[C@H](O)c1ccnc2ccc(OC)cc12
76,74,C=C[C@]1(C)C[C@@H](OC(=O)CS[C@@H]2C[C@H]3CC[C@@H](C2)N3C)[C@]2(C)[C@H](C)CC[C@]3(CCC(=O)[C@H]32)[C@@H](C)[C@@H]1O
77,75,C=Cc1c(C)c2cc3nc(cc4[nH]c(cc5nc(cc1[nH]2)C(C)=C5CCC(=O)O)c(CCC(=O)OC)c4C)[C@@]1(C)C3=CC=C(C(=O)OC)[C@H]1C(=O)OC
78,76,CC#CCC(C)[C@H](O)/C=C/[C@@H]1[C@H]2C/C(=C/CCCC(=O)O)C[C@H]2C[C@H]1O
79,77,CC#CCn1c(N2CCC[C@@H](N)C2)nc2c1c(=O)n(Cc1nc(C)c3ccccc3n1)c(=O)n2C
80,78,CC#C[C@]1(O)CC[C@H]2[C@@H]3CCC4=CC(=O)CCC4=C3[C@@H](c3ccc(N(C)C)cc3)C[C@@]21C
81,79,CC(=O)CC(c1ccc([N+](=O)[O-])cc1)c1c(O)c2ccccc2oc1=O
82,80,CC(=O)CC(c1ccccc1)c1c(O)c2ccccc2oc1=O
83,81,CC(=O)CCCCn1c(=O)c2c(ncn2C)n(C)c1=O
84,82,CC(=O)N(CC(O)CN(C(C)=O)c1c(I)c(C(=O)NCC(O)CO)c(I)c(C(=O)NCC(O)CO)c1I)c1c(I)c(C(=O)NCC(O)CO)c(I)c(C(=O)NCC(O)CO)c1I
85,83,CC(=O)N(CC(O)CO)c1c(I)c(C(=O)NCC(O)CO)c(I)c(C(=O)NCC(O)CO)c1I
86,84,CC(=O)N(CC(O)CO)c1c(I)c(C(=O)NCCO)c(I)c(C(=O)NCC(O)CO)c1I
87,85,CC(=O)N(O)CCCCCNC(=O)CCC(=O)N(O)CCCCCNC(=O)CCC(=O)N(O)CCCCCN
88,86,CC(=O)N1CCN(c2ccc(OCC3COC(Cn4ccnc4)(c4ccc(Cl)cc4Cl)O3)cc2)CC1
89,87,CC(=O)N=c1sc(S(N)(=O)=O)nn1C
90,88,CC(=O)NC[C@H]1CN(c2ccc(N3CCOCC3)c(F)c2)C(=O)O1
91,89,CC(=O)NO
92,90,CC(=O)NS(=O)(=O)c1ccc(N)cc1
93,91,CC(=O)N[C@H](Cc1ccc2ccccc2c1)C(=O)N[C@H](Cc1ccc(Cl)cc1)C(=O)N[C@H](Cc1cccnc1)C(=O)N[C@@H](CO)C(=O)N[C@@H](Cc1ccc(NC(=O)[C@@H]2CC(=O)NC(=O)N2)cc1)C(=O)N[C@H](Cc1ccc(NC(N)=O)cc1)C(=O)N[C@@H](CC(C)C)C(=O)N[C@@H](CCCCNC(C)C)C(=O)N1CCC[C@H]1C(=O)N[C@H](C)C(N)=O
94,92,CC(=O)Nc1c(I)c(C(=O)N[C@@H](C=O)[C@@H](O)[C@H](O)[C@H](O)CO)c(I)c(N(C)C(C)=O)c1I
95,93,CC(=O)Nc1c(I)c(NC(C)=O)c(I)c(C(=O)O)c1I
96,94,CC(=O)Nc1ccc(O)cc1
97,95,CC(=O)Nc1ccc(OCC(O)CNC(C)C)cc1
98,96,CC(=O)Nc1cccc(-n2c(=O)n(C3CC3)c(=O)c3c(Nc4ccc(I)cc4F)n(C)c(=O)c(C)c32)c1
99,97,CC(=O)Nc1nnc(S(N)(=O)=O)s1
100,98,CC(=O)O.CC(=O)O.CCNC(=O)[C@@H]1CCCN1C(=O)[C@H](CCCNC(=N)N)NC(=O)[C@H](CC(C)C)NC(=O)[C@@H](Cc1cn(Cc2ccccc2)cn1)NC(=O)[C@H](Cc1ccc(O)cc1)NC(=O)[C@H](CO)NC(=O)[C@H](Cc1c[nH]c2ccccc12)NC(=O)[C@H](Cc1c[nH]cn1)NC(=O)[C@@H]1CCC(=O)N1
101,99,CC(=O)OC(C)C[N+](C)(C)C
102,100,CC(=O)OCC(=O)NCCCOc1cccc(CN2CCCCC2)c1
103,101,CC(=O)OCC(=O)[C@@]1(O)CC[C@H]2[C@@H]3CCC4=CC(=O)CC[C@]4(C)[C@H]3C(=O)C[C@@]21C
104,102,CC(=O)OCC(=O)[C@@]12N=C(C)O[C@@H]1C[C@H]1[C@@H]3CCC4=CC(=O)C=C[C@]4(C)[C@H]3[C@@H](O)C[C@@]12C
105,103,CC(=O)OCC(=O)[C@@]12OC(C)(C)O[C@@H]1C[C@H]1[C@@H]3C[C@H](F)C4=CC(=O)C=C[C@]4(C)[C@@]3(F)[C@@H](O)C[C@@]12C
106,104,CC(=O)OCC(=O)[C@@]12OC3(CCCC3)O[C@@H]1C[C@H]1[C@@H]3CCC4=CC(=O)C=C[C@]4(C)[C@@]3(F)[C@@H](O)C[C@@]12C
107,105,CC(=O)OCC(CCn1cnc2cnc(N)nc21)COC(C)=O
108,106,CC(=O)OCC1=C(C(=O)O)N2C(=O)[C@@H](NC(=O)CC#N)[C@H]2SC1
109,107,CC(=O)OCC1=C(C(=O)O)N2C(=O)[C@@H](NC(=O)CSc3ccncc3)[C@H]2SC1
110,108,CC(=O)OCC1=C(C(=O)O)N2C(=O)[C@@H](NC(=O)Cc3cccs3)[C@H]2SC1
111,109,CC(=O)OCC1=C(C(=O)O)N2C(=O)[C@@H](NC(=O)[C@H](N)c3ccccc3)[C@H]2SC1
112,110,CC(=O)OCC[N+](C)(C)C
113,111,CC(=O)O[C@@]12CO[C@@H]1C[C@H](O)[C@@]1(C)C(=O)[C@H](O)C3=C(C)[C@@H](OC(=O)[C@H](O)[C@@H](NC(=O)OC(C)(C)C)c4ccccc4)C[C@@](O)([C@@H](OC(=O)c4ccccc4)[C@H]21)C3(C)C
114,112,CC(=O)O[C@H]1C(=O)[C@@]2(C)[C@H]([C@H](OC(=O)c3ccccc3)[C@]3(O)C[C@H](OC(=O)[C@H](O)[C@@H](NC(=O)c4ccccc4)c4ccccc4)C(C)=C1C3(C)C)[C@]1(OC(C)=O)CO[C@@H]1C[C@@H]2O
115,113,CC(=O)O[C@H]1C[C@@H]2CC[C@@H]3[C@H](CC[C@@]4(C)[C@H]3C[C@H](N3CC[N+](C)(C)CC3)[C@@H]4OC(C)=O)[C@@]2(C)C[C@@H]1N1CC[N+](C)(C)CC1
116,114,CC(=O)O[C@H]1C[C@@H]2CC[C@@H]3[C@H](CC[C@@]4(C)[C@H]3C[C@H]([N+]3(C)CCCCC3)[C@@H]4OC(C)=O)[C@@]2(C)C[C@@H]1N1CCCCC1
117,115,CC(=O)O[C@H]1C[C@@H]2CC[C@@H]3[C@H](CC[C@@]4(C)[C@H]3C[C@H]([N+]3(C)CCCCC3)[C@@H]4OC(C)=O)[C@@]2(C)C[C@@H]1[N+]1(C)CCCCC1
118,116,CC(=O)O[C@H]1C[C@@]2(C)[C@@H](C[C@@H](O)[C@H]3[C@@]4(C)CC[C@@H](O)[C@@H](C)[C@@H]4CC[C@@]32C)/C1=C(\CCC=C(C)C)C(=O)O
119,117,CC(=O)O[C@H]1C[C@H](O[C@H]2[C@@H](O)C[C@H](O[C@H]3[C@@H](O)C[C@H](O[C@H]4CC[C@@]5(C)[C@H](CC[C@@H]6[C@@H]5CC[C@]5(C)[C@@H](C7=CC(=O)OC7)CC[C@]65O)C4)O[C@@H]3C)O[C@@H]2C)O[C@H](C)[C@H]1O
120,118,CC(=O)O[C@H]1Cc2ccccc2N(C(N)=O)c2ccccc21
121,119,CC(=O)O[C@]1(C(C)=O)CC[C@H]2[C@@H]3C=C(C)C4=CC(=O)CC[C@]4(C)[C@H]3CC[C@@]21C
122,120,CC(=O)O[C@]1(C(C)=O)CC[C@H]2[C@@H]3C=C(Cl)C4=CC(=O)[C@@H]5C[C@@H]5[C@]4(C)[C@H]3CC[C@@]21C
123,121,CC(=O)O[C@]1(C(C)=O)CC[C@H]2[C@@H]3C[C@H](C)C4=CC(=O)CC[C@]4(C)[C@H]3CC[C@@]21C
124,122,CC(=O)Oc1c(C)cc(OCC(O)CNC(C)C)c(C)c1C
125,123,CC(=O)Oc1cc(C(F)(F)F)ccc1C(=O)O
126,124,CC(=O)Oc1cc2c(s1)CCN(C(C(=O)C1CC1)c1ccccc1F)C2
127,125,CC(=O)Oc1ccc(C(c2ccc(OC(C)=O)cc2)c2ccccn2)cc1
128,126,CC(=O)Oc1ccc2c3c1O[C@H]1[C@@H](OC(C)=O)C=C[C@H]4[C@@H](C2)N(C)CC[C@@]341
129,127,CC(=O)Oc1cccc2c1C(=O)c1c(OC(C)=O)cc(C(=O)O)cc1C2=O
130,128,CC(=O)Oc1ccccc1C(=O)O
131,129,CC(=O)S[C@@H]1CC2=CC(=O)CC[C@]2(C)[C@H]2CC[C@@]3(C)[C@@H](CC[C@@]34CCC(=O)O4)[C@H]12
132,130,CC(=O)[C@@]1(C)CC[C@H]2[C@@H]3C=C(C)C4=CC(=O)CC[C@]4(C)[C@H]3CC[C@@]21C
133,131,CC(=O)[C@@]1(O)CC[C@H]2[C@@H]3C=C(C)C4=CC(=O)CC[C@@H]4[C@H]3CC[C@@]21C
134,132,CC(=O)[C@@]1(O)CC[C@H]2[C@@H]3CCC4=CC(=O)CCC4=C3[C@@H](c3ccc(N(C)C)cc3)C[C@@]21C
135,133,CC(=O)[C@@]1(O)CC[C@H]2[C@@H]3C[C@H](C)C4=CC(=O)C=C[C@]4(C)[C@@]3(F)[C@@H](O)C[C@@]21C
136,134,CC(=O)[C@H]1CC[C@H]2[C@@H]3C=CC4=CC(=O)CC[C@@]4(C)[C@@H]3CC[C@]12C
137,135,CC(=O)[C@H]1CC[C@H]2[C@@H]3CCC4=CC(=O)CC[C@]4(C)[C@H]3CC[C@]12C
138,136,CC(=O)[C@H]1CC[C@H]2[C@@H]3C[C@H](C)C4=CC(=O)CC[C@]4(C)[C@H]3[C@@H](O)C[C@]12C
139,137,CC(=O)[C@]1(N)Cc2c(O)c3c(c(O)c2[C@@H](O[C@H]2C[C@H](O)[C@H](O)CO2)C1)C(=O)c1ccccc1C3=O
140,138,CC(=O)[C@]1(O)Cc2c(O)c3c(c(O)c2[C@@H](O[C@H]2C[C@H](N)[C@H](O)[C@H](C)O2)C1)C(=O)c1ccccc1C3=O
141,139,CC(=O)[O-].CC(=O)[O-].[Ca+2]
142,140,CC(=O)c1c(C)c2cnc(Nc3ccc(N4CCNCC4)cn3)nc2n(C2CCCC2)c1=O
143,141,CC(=O)c1ccc2c(c1)N(CC(C)N(C)C)c1ccccc1S2
144,142,CC(=O)c1ccc2c(c1)N(CCCN(C)C)c1ccccc1S2
145,143,CC(=O)c1ccc2c(c1)N(CCCN1CCN(CCO)CC1)c1ccccc1S2
146,144,CC(C(=O)O)c1ccc(-c2ccccc2)c(F)c1
147,145,CC(C(=O)O)c1ccc(C(=O)c2ccccc2)s1
148,146,CC(C(=O)O)c1ccc(C(=O)c2cccs2)cc1
149,147,CC(C(=O)O)c1ccc(CC2CCCC2=O)cc1
150,148,CC(C(=O)O)c1ccc2c(c1)CC(=O)c1ccccc1S2
151,149,CC(C(=O)O)c1ccc2c(c1)[nH]c1ccc(Cl)cc12
152,150,CC(C(=O)O)c1cccc(C(=O)c2ccccc2)c1
153,151,CC(C(=O)O)c1cccc(Oc2ccccc2)c1
154,152,CC(C(O)c1ccc(O)cc1)N1CCC(Cc2ccccc2)CC1
155,153,CC(C)(C#N)c1cc(Cn2cncn2)cc(C(C)(C)C#N)c1
156,154,CC(C)(C(=O)O)c1ccc(C(O)CCCN2CCC(C(O)(c3ccccc3)c3ccccc3)CC2)cc1
157,155,CC(C)(C(=O)c1cccnc1)c1cccnc1
158,156,CC(C)(C)C(=O)OCOC(=O)[C@@H]1N2C(=O)[C@@H](N=CN3CCCCCC3)[C@H]2SC1(C)C
159,157,CC(C)(C)C(=O)OCOC(=O)[C@@H]1N2C(=O)[C@@H](NC(=O)[C@H](N)c3ccccc3)[C@H]2SC1(C)C
160,158,CC(C)(C)C(=O)OCOP(=O)(COCCn1cnc2c(N)ncnc21)OCOC(=O)C(C)(C)C
161,159,CC(C)(C)C(O)/C=C/c1ccc2c(c1)OCO2
162,160,CC(C)(C)NC(=O)N[C@H](C(=O)N1C[C@H]2[C@@H]([C@H]1C(=O)NC(CC1CCC1)C(=O)C(N)=O)C2(C)C)C(C)(C)C
163,161,CC(C)(C)NC(=O)[C@@H]1CN(Cc2cccnc2)CCN1C[C@@H](O)C[C@@H](Cc1ccccc1)C(=O)N[C@H]1c2ccccc2C[C@H]1O
164,162,CC(C)(C)NC(=O)[C@@H]1C[C@@H]2CCCC[C@@H]2CN1C[C@@H](O)[C@H](Cc1ccccc1)NC(=O)[C@H](CC(N)=O)NC(=O)c1ccc2ccccc2n1
165,163,CC(C)(C)NC(=O)[C@H]1CC[C@H]2[C@@H]3CC[C@H]4NC(=O)C=C[C@]4(C)[C@H]3CC[C@]12C
166,164,CC(C)(C)NCC(O)COc1cccc2c1CCC(=O)N2
167,165,CC(C)(C)NCC(O)COc1cccc2c1C[C@H](O)[C@H](O)C2
168,166,CC(C)(C)NCC(O)CSc1nc(-c2ccc(C(N)=O)s2)cs1
169,167,CC(C)(C)NCC(O)c1cc(Cl)c(N)c(Cl)c1
170,168,CC(C)(C)NCC(O)c1cc(O)cc(O)c1
171,169,CC(C)(C)NCC(O)c1ccc(O)c(CO)c1
172,170,CC(C)(C)NCC(O)c1ccc(O)c(CO)n1
173,171,CC(C)(C)NC[C@H](O)COc1cccc2c1CCCC2=O
174,172,CC(C)(C)NC[C@H](O)COc1ccccc1C1CCCC1
175,173,CC(C)(C)NC[C@H](O)COc1nsnc1N1CCOCC1
176,169,CC(C)(C)NC[C@H](O)c1ccc(O)c(CO)c1
177,174,CC(C)(C)S(=O)(=O)C[C@@H](Cc1ccccc1)C(=O)N[C@@H](Cc1cnc[nH]1)C(=O)N[C@@H](CC1CCCCC1)[C@@H](O)[C@@H](O)C1CC1
178,175,CC(C)(C)[C@@H]1NC(=O)O[C@@H]2CCC[C@H]2OC/C=C/C(F)(F)c2nc3ccccc3nc2O[C@@H]2C[C@@H](C(=O)N[C@]3(C(=O)NS(=O)(=O)C4(C)CC4)C[C@H]3C(F)F)N(C2)C1=O
179,176,CC(C)(C)c1cc(C(C)(C)C)c(NC(=O)c2c[nH]c3ccccc3c2=O)cc1O
180,177,CC(C)(C)c1ccc(CN2CCN(C(c3ccccc3)c3ccc(Cl)cc3)CC2)cc1
181,178,CC(C)(C)c1nc(-c2cccc(NS(=O)(=O)c3c(F)cccc3F)c2F)c(-c2ccnc(N)n2)s1
182,179,CC(C)(N)CO.Cn1c(=O)c2[nH]c(Br)nc2n(C)c1=O
183,180,CC(C)(N)Cc1ccccc1
184,181,CC(C)(NC(=O)C1=C(O)[C@@H]2Oc3c(O)ccc4c3[C@@]23CCN(CC2CC2)[C@H](C4)[C@]3(O)C1)c1nc(-c2ccccc2)no1
185,182,CC(C)(O)CNc1nc(Nc2ccnc(C(F)(F)F)c2)nc(-c2cccc(C(F)(F)F)n2)n1
186,183,CC(C)(O)c1ccccc1CC[C@@H](SCC1(CC(=O)O)CC1)c1cccc(/C=C/c2ccc3ccc(Cl)cc3n2)c1
187,184,CC(C)(O/N=C(\C(=O)N[C@@H]1C(=O)N2C(C(=O)[O-])=C(C[n+]3ccccc3)CS[C@H]12)c1csc(N)n1)C(=O)O
188,185,CC(C)(Oc1ccc(C(=O)c2ccc(Cl)cc2)cc1)C(=O)O
189,186,CC(C)(Oc1ccc(CCNC(=O)c2ccc(Cl)cc2)cc1)C(=O)O
190,187,CC(C)(Oc1ccc(Cl)cc1)C(=O)OCCOC(=O)c1cccnc1
191,188,CC(C)(S)[C@@H](N)C(=O)O
192,189,CC(C)(Sc1cc(C(C)(C)C)c(O)c(C(C)(C)C)c1)Sc1cc(C(C)(C)C)c(O)c(C(C)(C)C)c1
193,190,CC(C)=CCC/C(C)=C/C=C/C(C)=C/C=C/C(C)=C/C=C/C=C(C)/C=C/C=C(C)/C=C/C=C(\C)CCC=C(C)C
194,191,CC(C)=CCC[C@](C)(O)[C@@H]1CC=C(C)CC1
195,192,CC(C)=CCN1CC[C@@]2(C)c3cc(O)ccc3C[C@@H]1[C@@H]2C
196,193,CC(C)C(=O)Nc1ccc([N+](=O)[O-])c(C(F)(F)F)c1
197,194,CC(C)C(=O)OCC(=O)[C@@]12O[C@H](C3CCCCC3)O[C@@H]1C[C@H]1[C@@H]3CCC4=CC(=O)C=C[C@]4(C)[C@H]3[C@@H](O)C[C@@]12C
198,195,CC(C)C(=O)Oc1ccc(CO)cc1[C@H](CCN(C(C)C)C(C)C)c1ccccc1
199,196,CC(C)C(=O)c1c(C(C)C)nn2ccccc12
200,197,CC(C)C1NC(=O)C(CCCCN)NC(=O)C(Cc2c[nH]c3ccccc23)NC(=O)C(Cc2ccc(O)cc2)NC(=O)C(NC(=O)C(N)Cc2ccc3ccccc3c2)CSSCC(C(=O)NC(C(N)=O)C(C)O)NC1=O
201,198,CC(C)C1OC(=O)[C@H](C(C)C)N(C)C(=O)C(C(C)C)OC(=O)[C@H](C(C)C)N(C)C(=O)C(C(C)C)OC(=O)[C@H](C(C)C)N(C)C1=O
202,199,CC(C)CC(N(C)C)C1(c2ccc(Cl)cc2)CCC1
203,200,CC(C)CN(C[C@@H](O)[C@H](Cc1ccccc1)NC(=O)O[C@H]1CCOC1)S(=O)(=O)c1ccc(N)cc1
204,201,CC(C)CN(C[C@@H](O)[C@H](Cc1ccccc1)NC(=O)O[C@H]1CO[C@H]2OCC[C@H]21)S(=O)(=O)c1ccc(N)cc1
205,202,CC(C)CN(C[C@@H](OP(=O)(O)O)[C@H](Cc1ccccc1)NC(=O)O[C@H]1CCOC1)S(=O)(=O)c1ccc(N)cc1
206,203,CC(C)COCC(CN(Cc1ccccc1)c1ccccc1)N1CCCC1
207,204,CC(C)COc1ccc(CNC(=O)N(Cc2ccc(F)cc2)C2CCN(C)CC2)cc1
208,205,CC(C)C[C@@H](NC(=O)CNC(=O)[C@@H](NC=O)C(C)C)C(=O)N[C@@H](C)C(=O)N[C@@H](C(=O)N[C@H](C(=O)N[C@@H](C(=O)N[C@@H](Cc1c[nH]c2ccccc12)C(=O)N[C@H](CC(C)C)C(=O)N[C@@H](Cc1c[nH]c2ccccc12)C(=O)N[C@H](CC(C)C)C(=O)N[C@@H](Cc1c[nH]c2ccccc12)C(=O)N[C@H](CC(C)C)C(=O)N[C@@H](Cc1c[nH]c2ccccc12)C(=O)NCCO)C(C)C)C(C)C)C(C)C
209,206,CC(C)C[C@H](CN)CC(=O)O
210,207,CC(C)C[C@H](NC(=O)CNC(=O)c1cc(Cl)ccc1Cl)B(O)O
211,208,CC(C)C[C@H](NC(=O)[C@@H](COC(C)(C)C)NC(=O)[C@H](Cc1ccc(O)cc1)NC(=O)[C@H](CO)NC(=O)[C@H](Cc1c[nH]c2ccccc12)NC(=O)[C@H](Cc1cnc[nH]1)NC(=O)[C@@H]1CCC(=O)N1)C(=O)N[C@@H](CCCN=C(N)N)C(=O)N1CCC[C@H]1C(=O)NNC(N)=O
212,209,CC(C)C[C@H](NC(=O)[C@@H](Cc1c[nH]c2ccccc12)NC(=O)[C@H](Cc1ccc(O)cc1)NC(=O)[C@H](CO)NC(=O)[C@H](Cc1c[nH]c2ccccc12)NC(=O)[C@H](Cc1c[nH]cn1)NC(=O)[C@@H]1CCC(=O)N1)C(=O)N[C@@H](CCCNC(=N)N)C(=O)N1CCC[C@H]1C(=O)NCC(N)=O
213,210,CC(C)C[C@H](NC(=O)[C@@H](Cc1ccc2ccccc2c1)NC(=O)[C@H](Cc1ccc(O)cc1)NC(=O)[C@H](CO)NC(=O)[C@H](Cc1c[nH]c2ccccc12)NC(=O)[C@H](Cc1c[nH]cn1)NC(=O)[C@@H]1CCC(=O)N1)C(=O)N[C@@H](CCCNC(=N)N)C(=O)N1CCC[C@H]1C(=O)NCC(N)=O
214,211,CC(C)C[C@H](NC(=O)[C@H](CCc1ccccc1)NC(=O)CN1CCOCC1)C(=O)N[C@@H](Cc1ccccc1)C(=O)N[C@@H](CC(C)C)C(=O)[C@@]1(C)CO1
215,212,CC(C)C[C@H](NC(=O)[C@H](Cc1ccccc1)NC(=O)c1cnccn1)B(O)O
216,213,CC(C)C[C@H]1C(=O)N2CCC[C@H]2[C@]2(O)O[C@](NC(=O)[C@@H]3C=C4c5cccc6[nH]c(Br)c(c56)C[C@H]4N(C)C3)(C(C)C)C(=O)N12
217,214,CC(C)Cc1ccc(C(C)C(=O)O)cc1
218,215,CC(C)Cn1cnc2c(N)nc3ccccc3c21
219,216,CC(C)N(CCC(C(N)=O)(c1ccccc1)c1ccccn1)C(C)C
220,217,CC(C)N(CCCCOCC(=O)NS(C)(=O)=O)c1cnc(-c2ccccc2)c(-c2ccccc2)n1
221,218,CC(C)N1CCN(c2ccc(OC[C@H]3CO[C@](Cn4cncn4)(c4ccc(Cl)cc4Cl)O3)cc2)CC1
222,219,CC(C)N=c1cc2n(-c3ccc(Cl)cc3)c3ccccc3nc-2cc1Nc1ccc(Cl)cc1
223,220,CC(C)NC(=N)NC(=N)Nc1ccc(Cl)cc1
224,221,CC(C)NCC(O)COc1ccc(CC(N)=O)cc1
225,222,CC(C)NCC(O)COc1ccc(CCOCC2CC2)cc1
226,223,CC(C)NCC(O)COc1ccc(COCCOC(C)C)cc1
227,224,CC(C)NCC(O)COc1cccc2[nH]ccc12
228,225,CC(C)NCC(O)COc1cccc2ccccc12
229,226,CC(C)NCC(O)c1cc(O)cc(O)c1
230,227,CC(C)NCC(O)c1ccc(NS(C)(=O)=O)cc1
231,228,CC(C)NCC(O)c1ccc(O)c(O)c1
232,229,CC(C)NCC1CCc2cc(CO)c([N+](=O)[O-])cc2N1
233,230,CC(C)Nc1cccnc1N1CCN(C(=O)c2cc3cc(NS(C)(=O)=O)ccc3[nH]2)CC1
234,231,CC(C)OC(=O)C(C)(C)Oc1ccc(C(=O)c2ccc(Cl)cc2)cc1
235,232,CC(C)OC(=O)CCC/C=C\C[C@@H]1[C@@H](/C=C/C(F)(F)COc2ccccc2)[C@H](O)C[C@@H]1O
236,233,CC(C)OC(=O)CCC/C=C\C[C@@H]1[C@@H](/C=C/[C@@H](O)COc2cccc(C(F)(F)F)c2)[C@H](O)C[C@@H]1O
237,234,CC(C)OC(=O)CCC/C=C\C[C@@H]1[C@@H](CC[C@@H](O)CCc2ccccc2)[C@H](O)C[C@@H]1O
238,235,CC(C)OC(=O)OCOP(=O)(CO[C@H](C)Cn1cnc2c(N)ncnc21)OCOC(=O)OC(C)C
239,236,CC(C)OC(=O)[C@H](C)N[P@](=O)(OC[C@H]1O[C@@H](n2ccc(=O)[nH]c2=O)[C@](C)(F)[C@@H]1O)Oc1ccccc1
240,237,CC(C)OP(=O)(F)OC(C)C
241,238,CC(C)[C@@H](C)/C=C/[C@@H](C)[C@H]1CC[C@H]2/C(=C/C=C3\C[C@@H](O)CC[C@@H]3C)CCC[C@]12C
242,239,CC(C)[C@@H]1NC(=O)[C@H](CCCCN)NC(=O)[C@@H](Cc2c[nH]c3ccccc23)NC(=O)[C@H](Cc2ccc(O)cc2)NC(=O)[C@@H](NC(=O)[C@H](N)Cc2ccccc2)CSSC[C@@H](C(=O)N[C@@H](Cc2c[nH]c3ccccc23)C(N)=O)NC1=O
243,240,CC(C)[C@H](N)C(=O)OCC(CO)OCn1cnc2c(=O)nc(N)[nH]c21
244,241,CC(C)[C@H](N)C(=O)OCCOCn1cnc2c(=O)nc(N)[nH]c21
245,242,CC(C)[C@H]1CC[C@H](C(=O)N[C@H](Cc2ccccc2)C(=O)O)CC1
246,243,CC(C)[N+](C)(CCOC(=O)C1c2ccccc2Oc2ccccc21)C(C)C
247,244,CC(C)[N+]1(C)[C@@H]2CC[C@H]1C[C@@H](OC(=O)C(CO)c1ccccc1)C2
248,245,CC(C)c1c(C(=O)Nc2ccccc2)c(-c2ccccc2)c(-c2ccc(F)cc2)n1CC[C@@H](O)C[C@@H](O)CC(=O)O
249,246,CC(C)c1cc2c(cc1S(=O)(=O)O)[C@@]1(C)CCC[C@@](C)(C(=O)O)[C@@H]1CC2
250,247,CC(C)c1cccc(C(C)C)c1O
251,248,CC(C)c1cccc(C(C)C)c1OCOP(=O)(O)O
252,249,CC(C)c1nc(CN(C)C(=O)N[C@@H](CCN2CCOCC2)C(=O)N[C@H](CC[C@H](Cc2ccccc2)NC(=O)OCc2cncs2)Cc2ccccc2)cs1
253,250,CC(C)c1nc(CN(C)C(=O)N[C@H](C(=O)N[C@@H](Cc2ccccc2)C[C@H](O)[C@H](Cc2ccccc2)NC(=O)OCc2cncs2)C(C)C)cs1
254,251,CC(C)c1nc(N(C)S(C)(=O)=O)nc(-c2ccc(F)cc2)c1/C=C/[C@@H](O)C[C@@H](O)CC(=O)O
255,252,CC(C)n1c(/C=C/[C@H](O)C[C@H](O)CC(=O)O)c(-c2ccc(F)cc2)c2ccccc21
256,253,CC(C1=C(CCN(C)C)Cc2ccccc21)c1ccccn1
257,254,CC(CCc1ccc(O)cc1)NCCc1ccc(O)c(O)c1
258,255,CC(CCc1ccccc1)NC(C)C(O)c1ccc(O)cc1
259,256,CC(CCc1ccccc1)NCC(O)c1ccc(O)c(C(N)=O)c1
260,257,CC(CN(C)C)CN1c2ccccc2CCc2ccccc21
261,258,CC(CN(C)C)CN1c2ccccc2Sc2ccc(C#N)cc21
262,259,CC(CN(C)C)CN1c2ccccc2Sc2ccccc21
263,260,CC(CN1c2ccccc2Sc2ccc(S(=O)(=O)N(C)C)cc21)N(C)C
264,261,CC(CN1c2ccccc2Sc2ccccc21)N(C)C
265,262,CC(CN1c2ccccc2Sc2cccnc21)N(C)C
266,263,CC(COc1ccccc1)N(CCCl)Cc1ccccc1
267,264,CC(C[N+](C)(C)C)OC(N)=O
268,265,CC(Cc1ccc(O)cc1)NCC(O)c1cc(O)cc(O)c1
269,266,CC(N)Cc1ccc(O)cc1
270,267,CC(N)Cc1ccccc1
271,268,CC(NC(C)(C)C)C(=O)c1cccc(Cl)c1
272,269,CC(O)(CS(=O)(=O)c1ccc(F)cc1)C(=O)Nc1ccc(C#N)c(C(F)(F)F)c1
273,270,CC(O)(P(=O)(O)O)P(=O)(O)O
274,271,CC(O)C(=O)O
275,271,CC(O)C(=O)[O-].CC(O)C(=O)[O-].[Ca+2]
276,272,CC(OC(=O)NCC1(CC(=O)O)CCCCC1)OC(=O)C(C)C
277,273,CC(Oc1c(Cl)cccc1Cl)C1=NCCN1
278,274,CC(SC(=O)c1cccs1)C(=O)NCC(=O)O
279,275,CC(c1cc2ccccc2s1)N(O)C(N)=O
280,276,CC/C(=C(/CC)c1ccc(O)cc1)c1ccc(O)cc1
281,277,CC/C(=C(\c1ccccc1)c1ccc(OCCN(C)C)cc1)c1ccccc1
282,278,CC/C=C/CC(=O)N[C@@H](Cc1ccc(O)cc1)C(=O)N[C@@H](C)C(=O)N[C@@H](CC(=O)O)C(=O)N[C@@H](C)C(=O)N[C@H](C(=O)N[C@@H](Cc1ccccc1)C(=O)N[C@H](C(=O)N[C@@H](CC(N)=O)C(=O)N[C@@H](CO)C(=O)N[C@@H](Cc1ccc(O)cc1)C(=O)N[C@@H](CCCNC(=N)N)C(=O)N[C@@H](CCCCN)C(=O)N[C@H](C(=O)N[C@@H](CC(C)C)C(=O)NCC(=O)N[C@@H](CCC(N)=O)C(=O)N[C@@H](CC(C)C)C(=O)N[C@@H](CO)C(=O)N[C@@H](C)C(=O)N[C@@H](CCCNC(=N)N)C(=O)N[C@@H](CCCCN)C(=O)N[C@@H](CC(C)C)C(=O)N[C@@H](CC(C)C)C(=O)N[C@@H](CCC(N)=O)C(=O)N[C@@H](CC(=O)O)C(=O)N[C@H](C(=O)N[C@@H](CCSC)C(=O)N[C@@H](CO)C(=O)N[C@@H](CCCNC(=N)N)C(=O)N[C@@H](CCC(N)=O)C(=O)N[C@@H](CCC(N)=O)C(=O)NCC(=O)N[C@@H](CCC(N)=O)C(=O)N[C@@H](CO)C(=O)N[C@@H](CC(N)=O)C(=O)N[C@@H](CCC(N)=O)C(=O)N[C@@H](CCCNC(=N)N)C(=O)NCC(=O)N[C@@H](C)C(=O)N[C@@H](CCCNC(=N)N)C(=O)N[C@@H](C)C(=O)N[C@@H](CCCNC(=N)N)C(=O)N[C@@H](CC(C)C)C(N)=O)C(C)CC)C(C)C)C(C)O)C(C)CC
283,279,CC/C=C\C/C=C\C/C=C\C/C=C\C/C=C\C/C=C\CCC(=O)O
284,280,CC/C=C\C/C=C\C/C=C\C/C=C\C/C=C\CCCC(=O)OCC
285,281,CC1(C)C(C=C(Cl)Cl)C1C(=O)OCc1cccc(Oc2ccccc2)c1
286,282,CC1(C)CCC(CN2CCN(c3ccc(C(=O)NS(=O)(=O)c4ccc(NCC5CCOCC5)c([N+](=O)[O-])c4)c(Oc4cnc5[nH]ccc5c4)c3)CC2)=C(c2ccc(Cl)cc2)C1
287,283,CC1(C)C[C@@H]1C(=O)N/C(=C\CCCCSC[C@H](N)C(=O)O)C(=O)O
288,284,CC1(C)NC(=O)N(c2ccc([N+](=O)[O-])c(C(F)(F)F)c2)C1=O
289,285,CC1(C)O[C@@H]2C[C@H]3[C@@H]4CCC5=CC(=O)C=C[C@]5(C)[C@H]4[C@@H](O)C[C@]3(C)[C@]2(C(=O)CO)O1
290,286,CC1(C)O[C@@H]2C[C@H]3[C@@H]4CCC5=CC(=O)CC[C@]5(C)[C@@]4(F)[C@@H](O)C[C@]3(C)[C@]2(C(=O)CCl)O1
291,287,CC1(C)O[C@@H]2C[C@H]3[C@@H]4C[C@H](F)C5=CC(=O)C=C[C@]5(C)[C@@]4(F)[C@@H](O)C[C@]3(C)[C@]2(C(=O)CO)O1
292,288,CC1(C)O[C@@H]2C[C@H]3[C@@H]4C[C@H](F)C5=CC(=O)C=C[C@]5(C)[C@H]4[C@@H](O)C[C@]3(C)[C@]2(C(=O)CO)O1
293,289,CC1(C)O[C@@H]2C[C@H]3[C@@H]4C[C@H](F)C5=CC(=O)CC[C@]5(C)[C@H]4[C@@H](O)C[C@]3(C)[C@]2(C(=O)CO)O1
294,290,CC1(C)O[C@@H]2[C@@H](CO[C@@]3(COS(N)(=O)=O)OC(C)(C)O[C@@H]23)O1
295,291,CC1(C)S[C@@H]2[C@H](NC(=O)C(C(=O)O)c3ccccc3)C(=O)N2[C@H]1C(=O)O
296,292,CC1(C)S[C@@H]2[C@H](NC(=O)C3(N)CCCCC3)C(=O)N2[C@H]1C(=O)O
297,293,CC1(C)S[C@@H]2[C@H](NC(=O)COc3ccccc3)C(=O)N2[C@H]1C(=O)O
298,294,CC1(C)S[C@@H]2[C@H](NC(=O)Cc3ccccc3)C(=O)N2[C@H]1C(=O)O
299,294,CC1(C)S[C@@H]2[C@H](NC(=O)Cc3ccccc3)C(=O)N2[C@H]1C(=O)O.CC1(C)S[C@@H]2[C@H](NC(=O)Cc3ccccc3)C(=O)N2[C@H]1C(=O)O.O.O.O.O.c1ccc(CNCCNCc2ccccc2)cc1
300,294,CC1(C)S[C@@H]2[C@H](NC(=O)Cc3ccccc3)C(=O)N2[C@H]1C(=O)O.CCN(CC)CCOC(=O)c1ccc(N)cc1
301,295,CC1(C)S[C@@H]2[C@H](NC(=O)[C@H](C(=O)O)c3ccsc3)C(=O)N2[C@H]1C(=O)O
302,296,CC1(C)S[C@@H]2[C@H](NC(=O)[C@H](N)c3ccc(O)cc3)C(=O)N2[C@H]1C(=O)O
303,297,CC1(C)S[C@@H]2[C@H](NC(=O)[C@H](N)c3ccccc3)C(=O)N2[C@H]1C(=O)O
304,298,CC1(C)S[C@@H]2[C@H](NC(=O)[C@H](N=[N+]=[N-])c3ccccc3)C(=O)N2[C@H]1C(=O)O
305,299,CC1(C)S[C@@H]2[C@H](NC(=O)[C@H](NC(=O)N3CCN(S(C)(=O)=O)C3=O)c3ccccc3)C(=O)N2[C@H]1C(=O)O
306,300,CC1(C)S[C@@H]2[C@H](NC(=O)[C@H](NC(=O)N3CCNC3=O)c3ccccc3)C(=O)N2[C@H]1C(=O)O
307,301,CC1(C)[C@H](C(=O)O)N2C(=O)C[C@H]2S1(=O)=O
308,302,CC12CC3CC(C)(C1)CC(N)(C3)C2
309,303,CC1=C(/C=C/C(C)=C/C=C/C(C)=C/C(=O)O)C(C)(C)CCC1
310,304,CC1=C(/C=C/C(C)=C/C=C/C(C)=C/CO)C(C)(C)CCC1
311,303,CC1=C(/C=C/C(C)=C/C=C/C(C)=C\C(=O)O)C(C)(C)CCC1
312,303,CC1=C(/C=C/C(C)=C\C=C\C(C)=C\C(=O)O)C(C)(C)CCC1
313,305,CC1=C(C(=O)O)N2C(=O)[C@@H](NC(=O)[C@H](N)C3=CCC=CC3)[C@H]2SC1
314,306,CC1=C(C(=O)O)N2C(=O)[C@@H](NC(=O)[C@H](N)c3ccc(O)cc3)[C@H]2SC1
315,307,CC1=C(C(=O)O)N2C(=O)[C@@H](NC(=O)[C@H](N)c3ccccc3)[C@H]2SC1
316,308,CC1=C(C(=O)OC(C)C)C(c2cccc([N+](=O)[O-])c2)C(C(=O)OC2CN(C(c3ccccc3)c3ccccc3)C2)=C(N)N1
317,309,CC1=C(C(=O)OCCN(Cc2ccccc2)c2ccccc2)C(c2cccc([N+](=O)[O-])c2)C(P2(=O)OCC(C)(C)CO2)=C(C)N1
318,310,CC1=C(C)C(=O)C(C(CCCCCC(=O)O)c2ccccc2)=C(C)C1=O
319,311,CC1=C(C/C=C(\C)CCC[C@H](C)CCC[C@H](C)CCCC(C)C)C(=O)c2ccccc2C1=O
320,312,CC1=C(CC(=O)O)c2cc(F)ccc2/C1=C\c1ccc(S(C)=O)cc1
321,313,CC1=CC(=O)N2CC(=O)N(C)c3ccc(Cl)cc3C2(c2ccccc2)O1
322,314,CC1=CC(=O)c2ccccc2C1=O
323,315,CC1=NN(c2ccc(C)c(C)c2)C(=O)/C1=N\Nc1cccc(-c2cccc(C(=O)O)c2)c1O
324,316,CC1=NS(=O)(=O)c2cc(Cl)ccc2N1
325,317,CC1CCN(CCCC(=O)c2ccc(F)cc2)CC1
326,318,CC1CNc2c(cccc2S(=O)(=O)N[C@@H](CCCNC(=N)N)C(=O)N2CC[C@@H](C)C[C@@H]2C(=O)O)C1
327,319,CC1COc2c(N3CCN(C)CC3)c(F)cc3c(=O)c(C(=O)O)cn1c23
328,320,CC1Cc2ccccc2N1NC(=O)c1ccc(Cl)c(S(N)(=O)=O)c1
329,321,CC1NCCOC1c1ccccc1
330,322,CC1OC(C)OC(C)O1
331,323,CC1O[C@@]2(CS1)CN1CCC2CC1
332,324,CC=CC1=C(C(=O)O)N2C(=O)[C@@H](NC(=O)[C@H](N)c3ccc(O)cc3)[C@H]2SC1
333,325,CCC(=O)C(CC(C)N(C)C)(c1ccccc1)c1ccccc1
334,326,CCC(=O)C(CCN(C)C)(c1ccccc1)c1ccccc1
335,327,CCC(=O)C1(c2cccc(O)c2)CCN(C)CC1
336,328,CCC(=O)N(c1ccccc1)C1(C(=O)OC)CCN(CCC(=O)OC)CC1
337,329,CCC(=O)N(c1ccccc1)C1(COC)CCN(CCc2cccs2)CC1
338,330,CCC(=O)N(c1ccccc1)C1(COC)CCN(CCn2nnn(CC)c2=O)CC1
339,331,CCC(=O)N(c1ccccc1)C1CCN(CCc2ccccc2)CC1
340,332,CCC(=O)NCC[C@@H]1CCc2ccc3c(c21)CCO3
341,333,CCC(=O)NC[C@@H]1C[C@H]1c1cccc2c1CCO2
342,334,CCC(=O)NS(=O)(=O)c1ccc(-c2c(-c3ccccc3)noc2C)cc1
343,335,CCC(=O)OCC(=O)[C@@]1(OC(=O)CC)[C@@H](C)C[C@H]2[C@@H]3CCC4=CC(=O)C=C[C@]4(C)[C@@]3(Cl)[C@@H](O)C[C@@]21C
344,336,CCC(=O)O[C@@H](O[P@](=O)(CCCCc1ccccc1)CC(=O)N1C[C@H](C2CCCCC2)C[C@H]1C(=O)O)C(C)C
345,337,CCC(=O)O[C@H]1CC[C@H]2[C@@H]3CCC4=CC(=O)CC[C@]4(C)[C@H]3CC[C@]12C
346,338,CCC(=O)O[C@](Cc1ccccc1)(c1ccccc1)[C@H](C)CN(C)C
347,338,CCC(=O)O[C@](Cc1ccccc1)(c1ccccc1)[C@H](C)CN(C)C.O.O=S(=O)(O)c1ccc2ccccc2c1
348,339,CCC(=O)O[C@]1(C(=O)CCl)[C@@H](C)C[C@H]2[C@@H]3CCC4=CC(=O)C=C[C@]4(C)[C@@]3(F)[C@@H](O)C[C@@]21C
349,340,CCC(=O)O[C@]1(C(=O)SCF)[C@H](C)C[C@H]2[C@@H]3C[C@H](F)C4=CC(=O)C=C[C@]4(C)[C@@]3(F)[C@@H](O)C[C@@]21C
350,341,CCC(=O)[C@@]1(C)[C@H](C)C[C@H]2[C@@H]3CCC4=CC(=O)C=C[C@]4(C)[C@H]3[C@@H](O)C[C@@]21C
351,342,CCC(C)(C)C(=O)O[C@H]1C[C@@H](C)C=C2C=C[C@H](C)[C@H](CC[C@@H]3C[C@@H](O)CC(=O)O3)[C@H]21
352,343,CCC(C)C1(CC)C(=O)NC(=O)NC1=O
353,344,CCC(C)CC(C)CCCCCCCCC(=O)N[C@H]1C[C@@H](O)[C@@H](NCCN)NC(=O)[C@@H]2[C@@H](O)CCN2C(=O)[C@H]([C@H](O)CCN)NC(=O)[C@H]([C@H](O)[C@@H](O)c2ccc(O)cc2)NC(=O)[C@@H]2C[C@@H](O)CN2C(=O)[C@H]([C@@H](C)O)NC1=O
354,345,CCC(C)CCCC(=O)N[C@@H](CCN)C(=O)N[C@H](C(=O)N[C@@H](CCN)C(=O)N[C@H]1CCNC(=O)C([C@@H](C)O)NC(=O)[C@@H](CCN)NC(=O)[C@H](CCN)NC(=O)[C@@H](CC(C)C)NC(=O)[C@@H](CC(C)C)NC(=O)[C@H](CCN)NC1=O)[C@@H](C)O
355,346,CCC(C)CCCCC(=O)NC(CCNCS(=O)(=O)[O-])C(=O)NC(C(=O)NC(CCNCS(=O)(=O)[O-])C(=O)NC1CCNC(=O)C(C(C)O)NC(=O)C(CCNCS(=O)(=O)[O-])NC(=O)C(CCNCS(=O)(=O)[O-])NC(=O)C(CC(C)C)NC(=O)C(CC(C)C)NC(=O)C(CCNCS(=O)(=O)[O-])NC1=O)C(C)O
356,347,CCC(C)CCCCC(=O)N[C@@H](CCN)C(=O)N[C@H](C(=O)N[C@@H](CCN)C(=O)N[C@H]1CCNC(=O)[C@H]([C@@H](C)O)NC(=O)[C@H](CCN)NC(=O)[C@H](CCN)NC(=O)[C@H](CC(C)C)NC(=O)[C@@H](Cc2ccccc2)NC(=O)[C@@H](CCN)NC1=O)[C@@H](C)O
357,348,CCC(C)n1ncn(-c2ccc(N3CCN(c4ccc(OC[C@H]5CO[C@](Cn6cncn6)(c6ccc(Cl)cc6Cl)O5)cc4)CC3)cc2)c1=O
358,349,CCC(CO)NC(=O)[C@@H]1C=C2c3cccc4c3c(cn4C)C[C@H]2N(C)C1
359,350,CCC(NC(C)C)C(O)c1ccc(O)c(O)c1
360,351,CCC(OC(C)=O)C(CC(C)N(C)C)(c1ccccc1)c1ccccc1
361,352,CCC(c1ccccc1)c1c(O)c2ccccc2oc1=O
362,353,CCC1(C)CC(=O)NC1=O
363,354,CCC1(C)OC(=O)N(C)C1=O
364,355,CCC1(CC)C(=O)NCC(C)C1=O
365,356,CCC1(CCC(C)C)C(=O)NC(=O)NC1=O
366,357,CCC1(c2ccc(N)cc2)CCC(=O)NC1=O
367,358,CCC1(c2ccccc2)C(=O)NC(=O)N(C)C1=O
368,359,CCC1(c2ccccc2)C(=O)NC(=O)NC1=O
369,360,CCC1(c2ccccc2)C(=O)NCNC1=O
370,361,CCC1(c2ccccc2)CCC(=O)NC1=O
371,362,CCC1=C(C)CN(C(=O)NCCc2ccc(S(=O)(=O)NC(=O)N[C@H]3CC[C@H](C)CC3)cc2)C1=O
372,363,CCC1=C[C@@H]2CN(C1)Cc1c([nH]c3ccccc13)[C@@](C(=O)OC)(c1cc3c(cc1OC)N(C)[C@H]1[C@@](O)(C(=O)OC)[C@H](OC(C)=O)[C@]4(CC)C=CCN5CC[C@]31[C@@H]54)C2
373,364,CCC1C(C)=NN=C(c2ccc(OC)c(OC)c2)c2cc(OC)c(OC)cc21
374,365,CCC1NC(=O)c2cc(S(N)(=O)=O)c(Cl)cc2N1
375,366,CCCC(=O)Nc1ccc(OCC(O)CNC(C)C)c(C(C)=O)c1
376,367,CCCC(=O)OCOC(=O)C1=C(C)NC(C)=C(C(=O)OC)C1c1cccc(Cl)c1Cl
377,368,CCCC(=O)O[C@]1(C(=O)COC(C)=O)CC[C@H]2[C@@H]3C[C@H](F)C4=CC(=O)C=C[C@]4(C)[C@@]3(F)[C@@H](O)C[C@@]21C
378,369,CCCC(C)(COC(N)=O)COC(=O)NC(C)C
379,370,CCCC(C)(COC(N)=O)COC(N)=O
380,371,CCCC(C)C1(CC)C(=O)NC(=O)NC1=O
381,372,CCCC(C)C1(CC)C(=O)NC(=S)NC1=O
382,373,CCCC(CCC)C(=O)O
383,374,CCCC(CCC)C(=O)OC1CC2CCC(C1)[N+]2(C)C.[Br-]
384,375,CCCC1O[C@@H]2C[C@H]3[C@@H]4CCC5=CC(=O)C=C[C@]5(C)[C@H]4[C@@H](O)C[C@]3(C)[C@]2(C(=O)CO)O1
385,376,CCCCC(=O)N(Cc1ccc(-c2ccccc2-c2nn[nH]n2)cc1)[C@H](C(=O)O)C(C)C
386,377,CCCCC(=O)OCC(=O)[C@]1(O)Cc2c(O)c3c(c(O)c2[C@@H](O[C@H]2C[C@H](NC(=O)C(F)(F)F)[C@H](O)[C@H](C)O2)C1)C(=O)c1c(OC)cccc1C3=O
387,378,CCCCC(C)(C)[C@H](O)/C=C/[C@H]1[C@H](O)CC(=O)[C@@H]1CCCC/C=C/C(=O)OC
388,379,CCCCC(C)(O)C/C=C/[C@H]1[C@H](O)CC(=O)[C@@H]1CCCCCCC(=O)OC
389,380,CCCCC(CC)CN1CN(CC(CC)CCCC)CC(C)(N)C1
390,381,CCCCC(F)(F)[C@@]1(O)CC[C@H]2[C@@H](CC(=O)[C@@H]2CCCCCCC(=O)O)O1
391,382,CCCCC1(CC)C(=O)NC(=O)NC1=O
392,383,CCCCC1=NC2(CCCC2)C(=O)N1Cc1ccc(-c2ccccc2-c2nn[nH]n2)cc1
393,384,CCCCC1C(=O)N(c2ccccc2)N(c2ccc(O)cc2)C1=O
394,385,CCCCC1C(=O)N(c2ccccc2)N(c2ccccc2)C1=O
395,386,CCCCCC(=O)O[C@]1(C(C)=O)CC[C@H]2[C@@H]3CCC4=CC(=O)CC[C@]4(C)[C@H]3CC[C@@]21C
396,387,CCCCCCC(C)(C)c1cc(O)c2c(c1)OC(C)(C)[C@@H]1CCC(=O)C[C@@H]21
397,388,CCCCCCCC(=O)CC[C@@H]1[C@@H](C/C=C\CCCC(=O)O)[C@@H](O)C[C@H]1O
398,389,CCCCCCCC(=O)N[C@H](CN1CCCC1)[C@H](O)c1ccc2c(c1)OCCO2
399,390,CCCCCCCC/C=C\CCCCCCCC(=O)O.NCCO
400,391,CCCCCCCCCC(=O)N[C@@H](Cc1c[nH]c2ccccc12)C(=O)N[C@H](CC(N)=O)C(=O)N[C@@H](CC(=O)O)C(=O)N[C@@H]1C(=O)NCC(=O)N[C@@H](CCCN)C(=O)N[C@@H](CC(=O)O)C(=O)N[C@H](C)C(=O)N[C@@H](CC(=O)O)C(=O)NCC(=O)N[C@H](CO)C(=O)N[C@@H]([C@H](C)CC(=O)O)C(=O)N[C@@H](CC(=O)c2ccccc2N)C(=O)O[C@@H]1C
401,392,CCCCCCCCCC(=O)O[C@H]1CC[C@H]2[C@@H]3CCC4=CC(=O)CC[C@@H]4[C@H]3CC[C@]12C
402,393,CCCCCCCCCCCCCCCC(=O)O
403,394,CCCCCCCCCCCCCCCCOP(=O)([O-])OCC[N+](C)(C)C
404,395,CCCCCCCCCCC[C@@H](C[C@@H]1OC(=O)[C@H]1CCCCCC)OC(=O)[C@H](CC(C)C)NC=O
405,396,CCCCCCCCCCNCCN[C@@]1(C)C[C@H](O[C@H]2[C@H](Oc3c4cc5cc3Oc3ccc(cc3Cl)[C@@H](O)[C@@H](NC(=O)[C@@H](CC(C)C)NC)C(=O)N[C@@H](CC(N)=O)C(=O)N[C@H]5C(=O)N[C@H]3C(=O)N[C@H](C(=O)N[C@H](C(=O)O)c5cc(O)c(CNCP(=O)(O)O)c(O)c5-c5cc3ccc5O)[C@H](O)c3ccc(c(Cl)c3)O4)O[C@H](CO)[C@@H](O)[C@@H]2O)O[C@@H](C)[C@H]1O
406,397,CCCCCCCCCc1ccc(OCCOCCOCCOCCOCCOCCOCCOCCOCCO)cc1
407,398,CCCCCCCCc1ccc(CCC(N)(CO)CO)cc1
408,399,CCCCCCCN(CC)CCCC(O)c1ccc(NS(C)(=O)=O)cc1
409,400,CCCCCCOC(=O)/N=C(/N)c1ccc(NCc2nc3cc(C(=O)N(CCC(=O)OCC)c4ccccn4)ccc3n2C)cc1
410,401,CCCCCCOC(=O)CCC(=O)CN
411,402,CCCCCCc1ccc(O)cc1O
412,403,CCCCCN(C)CCC(O)(P(=O)(O)O)P(=O)(O)O
413,404,CCCCCOC(=O)Nc1nc(=O)n([C@@H]2O[C@H](C)[C@@H](O)[C@H]2O)cc1F
414,405,CCCCCON=O
415,406,CCCCCOc1ccc(-c2cc(-c3ccc(C(=O)N[C@H]4C[C@@H](O)[C@@H](O)NC(=O)[C@@H]5[C@@H](O)[C@@H](C)CN5C(=O)[C@H]([C@H](O)CC(N)=O)NC(=O)[C@H]([C@H](O)[C@@H](O)c5ccc(O)c(OS(=O)(=O)O)c5)NC(=O)[C@@H]5C[C@@H](O)CN5C(=O)[C@H]([C@@H](C)O)NC4=O)cc3)no2)cc1
416,407,CCCCCOc1ccc(-c2ccc(-c3ccc(C(=O)N[C@H]4C[C@@H](O)[C@@H](O)NC(=O)[C@@H]5[C@@H](O)[C@@H](C)CN5C(=O)[C@H]([C@@H](C)O)NC(=O)[C@H]([C@H](O)[C@@H](O)c5ccc(O)cc5)NC(=O)[C@@H]5C[C@@H](O)CN5C(=O)[C@H]([C@@H](C)O)NC4=O)cc3)cc2)cc1
417,408,CCCCC[C@H](O)/C=C/[C@@H]1[C@@H](C/C=C\CCCC(=O)O)[C@@H](O)C[C@H]1O.NC(CO)(CO)CO
418,409,CCCCC[C@H](O)/C=C/[C@@H]1[C@H]2C/C(=C/CCCC(=O)O)O[C@H]2C[C@H]1O
419,410,CCCCC[C@H](O)/C=C/[C@H]1[C@H](O)CC(=O)[C@@H]1C/C=C\CCCC(=O)O
420,411,CCCCC[C@H](O)/C=C/[C@H]1[C@H](O)CC(=O)[C@@H]1CCCCCCC(=O)O
421,412,CCCCC[C@H](O)CC[C@@H]1[C@H]2Cc3cccc(OCC(=O)O)c3C[C@H]2C[C@H]1O
422,413,CCCCC[C@](C)(O)/C=C/[C@@H]1[C@@H](C/C=C\CCCC(=O)[O-])[C@@H](O)C[C@@H]1O.[NH3+]C(CO)(CO)CO
423,414,CCCCCc1cc(O)c2c(c1)OC(C)(C)[C@@H]1CCC(C)=C[C@@H]21
424,415,CCCCN(CCCC)CC(O)c1cc(Cl)cc2c1-c1ccc(Cl)cc1/C2=C/c1ccc(Cl)cc1
425,416,CCCCN(CCCC)CCC(O)c1cc2c(Cl)cc(Cl)cc2c2cc(C(F)(F)F)ccc12
426,417,CCCCN1CCCCC1C(=O)Nc1c(C)cccc1C
427,417,CCCCN1CCCC[C@H]1C(=O)Nc1c(C)cccc1C
428,418,CCCCN1C[C@H](O)[C@@H](O)[C@H](O)[C@H]1CO
429,419,CCCCNC(=O)NS(=O)(=O)c1ccc(C)cc1
430,420,CCCCNc1cc(C(=O)O)cc(S(N)(=O)=O)c1Oc1ccccc1
431,421,CCCCNc1ccc(C(=O)OCCN(C)C)cc1
432,422,CCCCOC(=O)c1ccc(N)cc1
433,423,CCCCOc1cc(C(=O)NCCN(CC)CC)c2ccccc2n1
434,424,CCCCOc1cc(C(=O)OCCN(CC)CC)ccc1N
435,425,CCCCOc1ccc(C(=O)CCN2CCCCC2)cc1
436,426,CCCCOc1ccc(OCCCN2CCOCC2)cc1
437,427,CCCCS(=O)(=O)N[C@@H](Cc1ccc(OCCCCC2CCNCC2)cc1)C(=O)O
438,428,CCCCSc1ccc(C(SCCN(C)C)c2ccccc2)cc1
439,429,CCCC[C@H](C)C[C@H](O)/C=C/[C@H]1[C@H](O)CC(=O)[C@@H]1CCCC/C=C/C(=O)O
440,430,CCCC[N+]1(C)[C@@H]2C[C@@H](OC(=O)[C@H](CO)c3ccccc3)C[C@H]1[C@@H]1O[C@@H]12
441,431,CCCCc1nc(C)c(CC(=S)N(C)C)c(=O)n1Cc1ccc(-c2ccccc2-c2nnn[nH]2)cc1
442,432,CCCCc1nc(Cl)c(CO)n1Cc1ccc(-c2ccccc2-c2nn[nH]n2)cc1
443,433,CCCCc1ncc(/C=C(\Cc2cccs2)C(=O)O)n1Cc1ccc(C(=O)O)cc1
444,434,CCCCc1oc2ccc(NS(C)(=O)=O)cc2c1C(=O)c1ccc(OCCCN(CCCC)CCCC)cc1
445,435,CCCCc1oc2ccccc2c1C(=O)c1cc(I)c(OCCN(CC)CC)c(I)c1
446,436,CCCN(CC)C(CC)C(=O)Nc1c(C)cccc1C
447,437,CCCN(CCC)CCc1cccc2c1CC(=O)N2
448,438,CCCN(CCC)S(=O)(=O)c1ccc(C(=O)O)cc1
449,439,CCCN(CCc1cccs1)[C@H]1CCc2c(O)cccc2C1
450,440,CCCN1CCCC[C@H]1C(=O)Nc1c(C)cccc1C
451,441,CCCN1C[C@@H](NS(=O)(=O)N(CC)CC)C[C@@H]2Cc3c(O)cccc3C[C@H]21
452,442,CCCN1C[C@H](CSC)C[C@@H]2c3cccc4[nH]cc(c34)C[C@H]21
453,443,CCCNC(=O)NS(=O)(=O)c1ccc(Cl)cc1
454,444,CCCNC(C)C(=O)Nc1c(C)csc1C(=O)OC
455,445,CCCNC(C)C(=O)Nc1ccccc1C
456,446,CCCNCC(O)COc1ccccc1C(=O)CCc1ccccc1
457,447,CCCNS(=O)(=O)Nc1ncnc(OCCOc2ncc(Br)cn2)c1-c1ccc(Br)cc1
458,448,CCCN[C@H]1CCc2nc(N)sc2C1
459,449,CCCOC(C(=O)OC1CCN(C)CC1)(c1ccccc1)c1ccccc1
460,450,CCCOc1cc(N)ccc1C(=O)OCCN(CC)CC
461,451,CCCOc1ccc(C(=O)OCCN(CC)CC)cc1N
462,452,CCCOc1ccc(S(=O)(=O)NCCC2CCCN2C)cc1-c1nc(=O)c2c([nH]1)c(CCC)nn2C
463,453,CCCS(=O)(=O)Nc1ccc(F)c(C(=O)c2c[nH]c3ncc(-c4ccc(Cl)cc4)cc23)c1F
464,454,CCCSc1ccc2nc(NC(=O)OC)[nH]c2c1
465,455,CCCSc1nc(N[C@@H]2C[C@H]2c2ccc(F)c(F)c2)c2nnn([C@@H]3C[C@H](OCCO)[C@@H](O)[C@H]3O)c2n1
466,456,CCC[C@@H]1CC(=O)N([C@@H](CC)C(N)=O)C1
467,457,CCC[C@@H]1C[C@@H](C(=O)NC(C(C)Cl)[C@H]2O[C@H](SC)[C@H](O)[C@@H](O)[C@H]2O)N(C)C1
468,458,CCC[C@@H]1C[C@@H](C(=O)N[C@@H]([C@H]2O[C@H](SC)[C@H](O)[C@@H](O)[C@H]2O)[C@@H](C)O)N(C)C1
469,459,CCC[C@@]1(CCc2ccccc2)CC(O)=C([C@H](CC)c2cccc(NS(=O)(=O)c3ccc(C(F)(F)F)cn3)c2)C(=O)O1
470,460,CCC[C@H](NC(=O)[C@@H]1[C@H]2CCC[C@H]2CN1C(=O)[C@@H](NC(=O)[C@@H](NC(=O)c1cnccn1)C1CCCCC1)C(C)(C)C)C(=O)C(=O)NC1CC1
471,461,CCC[C@H](N[C@@H](C)C(=O)N1[C@H](C(=O)O)C[C@@H]2CCCC[C@@H]21)C(=O)OCC
472,462,CCCc1cc(=O)[nH]c(=S)[nH]1
473,463,CCCc1nc(C(C)(C)O)c(C(=O)O)n1Cc1ccc(-c2ccccc2-c2nnn[nH]2)cc1
474,464,CCCc1nc(C)c2c(=O)nc(-c3cc(S(=O)(=O)N4CCN(CC)CC4)ccc3OCC)[nH]n12
475,465,CCCc1nc2c(C)cc(-c3nc4ccccc4n3C)cc2n1Cc1ccc(-c2ccccc2C(=O)O)cc1
476,466,CCCc1nn(C)c2c(=O)[nH]c(-c3cc(S(=O)(=O)N4CCN(C)CC4)ccc3OCC)nc12
477,467,CCN(C(C)=O)c1cccc(-c2ccnc3c(C#N)cnn23)c1
478,468,CCN(C)C(=O)Oc1cccc([C@H](C)N(C)C)c1
479,469,CCN(CC)C(=O)/C(C#N)=C/c1cc(O)c(O)c([N+](=O)[O-])c1
480,470,CCN(CC)C(=O)C1(c2ccccc2)CC1CN
481,471,CCN(CC)C(=O)N1CCN(C)CC1
482,472,CCN(CC)C(=O)N[C@H]1C=C2c3cccc4[nH]cc(c34)C[C@H]2N(C)C1
483,473,CCN(CC)C(=O)Nc1ccc(OCC(O)CNC(C)(C)C)c(C(C)=O)c1
484,470,CCN(CC)C(=O)[C@@]1(c2ccccc2)C[C@H]1CN
485,474,CCN(CC)C(=S)SSC(=S)N(CC)CC
486,475,CCN(CC)C(C)C(=O)c1ccccc1
487,476,CCN(CC)C(C)CN1c2ccccc2Sc2ccccc21
488,477,CCN(CC)CC#CCOC(=O)C(O)(c1ccccc1)C1CCCCC1
489,478,CCN(CC)CC(=O)Nc1c(C)cccc1C
490,479,CCN(CC)CC(=O)OCC(=O)[C@@]1(O)CC[C@H]2[C@@H]3CCC4=CC(=O)CC[C@]4(C)[C@H]3[C@@H](O)C[C@@]21C
491,480,CCN(CC)CC(=O)Oc1ccc(NC(C)=O)cc1
492,481,CCN(CC)CCCC(C)Nc1c2ccc(Cl)cc2nc2ccc(OC)cc12
493,482,CCN(CC)CCCC(C)Nc1ccnc2cc(Cl)ccc12
494,483,CCN(CC)CCCN(c1ccccc1)C1Cc2ccccc2C1
495,484,CCN(CC)CCN1C(=O)CN=C(c2ccccc2F)c2cc(Cl)ccc21
496,485,CCN(CC)CCNC(=O)c1c(C)[nH]c(/C=C2\C(=O)Nc3ccc(F)cc32)c1C
497,486,CCN(CC)CCNC(=O)c1cc(Br)c(N)cc1OC
498,487,CCN(CC)CCNC(=O)c1cc(Cl)c(N)cc1OC
499,488,CCN(CC)CCNC(=O)c1cc(S(C)(=O)=O)ccc1OC
500,489,CCN(CC)CCNC(=O)c1ccc(N)cc1
501,490,CCN(CC)CCNc1ccc(C)c2sc3ccccc3c(=O)c12
502,491,CCN(CC)CCOC(=O)C1(C2CCCCC2)CCCCC1
503,492,CCN(CC)CCOC(=O)c1ccc(N)cc1
504,493,CCN(CC)CCOC(=O)c1ccc(N)cc1Cl
505,494,CCN(CC)CCOc1ccc(C(=C(Cl)c2ccccc2)c2ccccc2)cc1
506,495,CCN(CC)CCS(=O)(=O)[C@@H]1CCN2C(=O)c3coc(n3)CC(=O)C[C@H](O)/C=C(C)/C=C/CNC(=O)/C=C/[C@@H](C)[C@@H](C(C)C)OC(=O)[C@@H]12
507,496,CCN(CC)Cc1cc(Nc2ccnc3cc(Cl)ccc23)ccc1O
508,497,CCN(CC)c1cc(C)nc2ncnn12
509,498,CCN(CCO)CCCC(C)Nc1ccnc2cc(Cl)ccc12
510,499,CCN(Cc1ccncc1)C(=O)C(CO)c1ccccc1
511,500,CCN1C(=O)NC(c2ccccc2)C1=O
512,501,CCN1CC(CCN2CCOCC2)C(c2ccccc2)(c2ccccc2)C1=O
513,502,CCN1CCCC1CNC(=O)c1cc(S(=O)(=O)CC)c(N)cc1OC
514,503,CCN1CCCC1CNC(=O)c1cc(S(N)(=O)=O)ccc1OC
515,504,CCN1CCC[C@H]1CNC(=O)c1c(OC)ccc(Br)c1OC
516,505,CCN1CCN(C(=O)N[C@@H](C(=O)N[C@@H]2C(=O)N3C(C(=O)O)=C(CSc4nnnn4C)CS[C@H]23)c2ccc(O)cc2)C(=O)C1=O
517,506,CCN1CCN(C(=O)N[C@@H](C(=O)N[C@@H]2C(=O)N3[C@@H]2SC(C)(C)[C@@H]3C(=O)O)c2ccccc2)C(=O)C1=O
518,507,CCN1CCN(Cc2ccc(Nc3ncc(F)c(-c4cc(F)c5nc(C)n(C(C)C)c5c4)n3)nc2)CC1
519,508,CCN1CCN(c2cc(-c3ccc(F)cc3)c3c(n2)CCCCCC3)CC1
520,509,CCNC(=O)CCC/C=C\C[C@@H]1[C@@H](/C=C/[C@@H](O)CCc2ccccc2)[C@H](O)C[C@@H]1O
521,510,CCNC1C2CCC(C2)C1c1ccccc1
522,511,CCN[C@@H](C)Cc1cccc(C(F)(F)F)c1
523,512,CCN[C@@H]1C[C@H](N)[C@@H](O[C@H]2OC(CN)=CC[C@H]2N)[C@H](O)[C@H]1O[C@H]1OC[C@](C)(O)[C@H](NC)[C@H]1O
524,513,CCN[C@H]1CN(CCCOC)S(=O)(=O)c2sc(S(N)(=O)=O)cc21
525,514,CCN[C@H]1C[C@H](C)S(=O)(=O)c2sc(S(N)(=O)=O)cc21
526,515,CCO
527,516,CCOC(=O)C(C)(C)Oc1ccc(Cl)cc1
528,517,CCOC(=O)C1(c2ccccc2)CCN(C)CC1
529,518,CCOC(=O)C1(c2ccccc2)CCN(CCC(C#N)(c2ccccc2)c2ccccc2)CC1
530,519,CCOC(=O)C1=C(C)NC(C)=C(C(=O)OC)C1c1cccc(Cl)c1Cl
531,520,CCOC(=O)C1=C(C)NC(C)=C(C(=O)OC)C1c1cccc([N+](=O)[O-])c1
532,521,CCOC(=O)C1=C(C)NC(C)=C(C(=O)OCC)C1c1ccccc1/C=C/C(=O)OC(C)(C)C
533,522,CCOC(=O)C1=C(COCCN)NC(C)=C(C(=O)OC)C1c1ccccc1Cl
534,523,CCOC(=O)C1=C[C@@H](OC(CC)CC)[C@H](NC(C)=O)[C@@H](N)C1
535,524,CCOC(=O)C1N=C(c2ccccc2F)c2cc(Cl)ccc2NC1=O
536,525,CCOC(=O)CC(SP(=S)(OC)OC)C(=O)OCC
537,526,CCOC(=O)CN[C@@H](C(=O)N1CC[C@H]1C(=O)NCc1ccc(/C(N)=N/O)cc1)C1CCCCC1
538,527,CCOC(=O)N1CCC(=C2c3ccc(Cl)cc3CCc3cccnc32)CC1
539,528,CCOC(=O)N[C@@H]1CC[C@@H]2[C@@H](C1)C[C@H]1C(=O)O[C@H](C)[C@H]1[C@H]2/C=C/c1ccc(-c2cccc(F)c2)cn1
540,529,CCOC(=O)Nc1ccc(NCc2ccc(F)cc2)cc1N
541,530,CCOC(=O)Nc1ccc2c(c1)N(C(=O)CCN1CCOCC1)c1ccccc1S2
542,531,CCOC(=O)OC(C)OC(=O)[C@@H]1N2C(=O)[C@@H](NC(=O)[C@H](N)c3ccccc3)[C@H]2SC1(C)C
543,532,CCOC(=O)O[C@]1(C(=O)COC(=O)CC)CC[C@H]2[C@@H]3CCC4=CC(=O)C=C[C@]4(C)[C@H]3[C@@H](O)C[C@@]21C
544,533,CCOC(=O)[C@H](C)C[C@@H](Cc1ccc(-c2ccccc2)cc1)NC(=O)CCC(=O)O
545,534,CCOC(=O)[C@H](CCc1ccccc1)N[C@@H](C)C(=O)N1CC2(C[C@H]1C(=O)O)SCCS2
546,535,CCOC(=O)[C@H](CCc1ccccc1)N[C@@H](C)C(=O)N1CCC[C@H]1C(=O)O
547,536,CCOC(=O)[C@H](CCc1ccccc1)N[C@@H](C)C(=O)N1Cc2cc(OC)c(OC)cc2C[C@H]1C(=O)O
548,537,CCOC(=O)[C@H](CCc1ccccc1)N[C@@H](C)C(=O)N1Cc2ccccc2C[C@H]1C(=O)O
549,538,CCOC(=O)[C@H](CCc1ccccc1)N[C@@H](C)C(=O)N1[C@H](C(=O)O)C[C@@H]2CCC[C@@H]21
550,539,CCOC(=O)[C@H](CCc1ccccc1)N[C@@H](C)C(=O)N1[C@H](C(=O)O)C[C@H]2CCCC[C@@H]21
551,540,CCOC(=O)[C@H](CCc1ccccc1)N[C@H]1CCCN2CCC[C@@H](C(=O)O)N2C1=O
552,541,CCOC(=O)[C@H](CCc1ccccc1)N[C@H]1CCc2ccccc2N(CC(=O)O)C1=O
553,542,CCOC(=O)[N-]c1c[n+](N2CCOCC2)no1
554,543,CCOC(=O)c1ccc(C#Cc2ccc3c(c2)C(C)(C)CCS3)nc1
555,544,CCOC(=O)c1ccc(N)cc1
556,545,CCOC(=O)c1cncn1[C@H](C)c1ccccc1
557,546,CCOC(=O)c1ncn2c1CN(C)C(=O)c1cc(F)ccc1-2
558,547,CCOC(=O)n1ccn(C)c1=S
559,548,CCOCCn1c(N2CCCN(C)CC2)nc2ccccc21
560,549,CCOP(=O)(OCC)SCC[N+](C)(C)C
561,550,CCOc1cc(CC(=O)N[C@@H](CC(C)C)c2ccccc2N2CCCCC2)ccc1C(=O)O
562,551,CCOc1cc([C@@H](CS(C)(=O)=O)N2C(=O)c3cccc(NC(C)=O)c3C2=O)ccc1OC
563,552,CCOc1cc2ncc(C#N)c(Nc3ccc(OCc4ccccn4)c(Cl)c3)c2cc1NC(=O)/C=C/CN(C)C
564,553,CCOc1ccc(C[C@@H](CN(CCN(CC(=O)[O-])CC(=O)[O-])CC(=O)[O-])N(CC(=O)O)CC(=O)O)cc1.[Gd+3]
565,554,CCOc1ccc(Cc2cc([C@@H]3O[C@H](CO)[C@@H](O)[C@H](O)[C@H]3O)ccc2Cl)cc1
566,555,CCOc1ccc2c3c1O[C@H]1[C@@H](O)C=C[C@H]4[C@@H](C2)N(C)CC[C@@]341
567,556,CCOc1ccc2ccccc2c1C(=O)N[C@@H]1C(=O)N2[C@@H]1SC(C)(C)[C@@H]2C(=O)O
568,557,CCOc1ccccc1OCC1CNCCO1
569,558,CCOc1ccccc1OCCN[C@H](C)Cc1ccc(OC)c(S(N)(=O)=O)c1
570,559,CCOc1ccccc1O[C@H](c1ccccc1)[C@H]1CNCCO1
571,560,CCOc1nc2cccc(C(=O)OC(C)OC(=O)OC3CCCCC3)c2n1Cc1ccc(-c2ccccc2-c2nnn[nH]2)cc1
572,561,CCOc1nc2cccc(C(=O)OCc3oc(=O)oc3C)c2n1Cc1ccc(-c2ccccc2-c2noc(=O)[nH]2)cc1
573,562,CCS(=O)(=O)CCn1c([N+](=O)[O-])cnc1C
574,563,CCS(=O)(=O)N1CC(CC#N)(n2cc(-c3ncnc4[nH]ccc34)cn2)C1
575,564,CC[C@@H](C(N)=O)N1CCCC1=O
576,565,CC[C@@H](C)[C@H]1O[C@]2(CC[C@@H]1C)C[C@@H]1C[C@@H](C/C=C(\C)[C@@H](O[C@H]3C[C@H](OC)[C@@H](O[C@H]4C[C@H](OC)[C@@H](O)[C@H](C)O4)[C@H](C)O3)[C@@H](C)/C=C/C=C3\CO[C@@H]4[C@H](O)C(C)=C[C@@H](C(=O)O1)[C@]34O)O2.CO[C@H]1C[C@H](O[C@H]2[C@H](C)O[C@@H](O[C@@H]3/C(C)=C/C[C@@H]4C[C@@H](C[C@]5(CC[C@H](C)[C@@H](C(C)C)O5)O4)OC(=O)[C@@H]4C=C(C)[C@@H](O)[C@H]5OC/C(=C\C=C\[C@@H]3C)[C@]54O)C[C@@H]2OC)O[C@@H](C)[C@@H]1O
577,566,CC[C@@H](CO)NC(=O)[C@@H]1C=C2c3cccc4[nH]cc(c34)C[C@H]2N(C)C1
578,567,CC[C@@H](CO)NCCN[C@@H](CC)CO
579,568,CC[C@@H]([C@H](C)O)n1ncn(-c2ccc(N3CCN(c4ccc(OC[C@@H]5CO[C@@](Cn6cncn6)(c6ccc(F)cc6F)C5)cc4)CC3)cc2)c1=O
580,569,CC[C@@H](c1cccc(O)c1)[C@@H](C)CN(C)C
581,570,CC[C@@H]1/C=C(\C)C[C@H](C)C[C@H](OC)[C@H]2O[C@@](O)(C(=O)C(=O)N3CCCC[C@H]3C(=O)O[C@H](/C(C)=C/[C@@H]3CC[C@H](Cl)[C@H](OC)C3)[C@H](C)[C@@H](O)CC1=O)[C@H](C)C[C@@H]2OC
582,571,CC[C@@H]1C(=O)OC[C@@H]1Cc1cncn1C
583,572,CC[C@@H]1[C@@H]2CN(C(=O)[C@H](C(C)(C)C)NC(=O)O[C@@H]3C[C@H]3CCCCC(F)(F)c3nc4ccc(OC)cc4nc3O2)[C@@H]1C(=O)N[C@]1(C(=O)NS(=O)(=O)C2(C)CC2)C[C@H]1C(F)F
584,573,CC[C@@]1(O)C(=O)OCc2c1cc1n(c2=O)Cc2cc3c(CN(C)C)c(O)ccc3nc2-1
585,574,CC[C@H](C)C(=O)O[C@H]1C[C@@H](C)C=C2C=C[C@H](C)[C@H](CC[C@@H]3C[C@@H](O)CC(=O)O3)[C@H]21
586,575,CC[C@H](C)C(=O)O[C@H]1C[C@H](O)C=C2C=C[C@H](C)[C@H](CC[C@@H](O)C[C@@H](O)CC(=O)O)[C@H]21
587,576,CC[C@H](C)[C@@H]1NC(=O)[C@H](Cc2ccc(OC)cc2)NC(=O)CCCSC[C@@H](C(=O)N2CCC[C@H]2C(=O)N[C@@H](CC(C)C)C(=O)NCC(N)=O)NC(=O)[C@H](CC(N)=O)NC(=O)[C@H](CCC(N)=O)NC1=O
588,577,CC[C@H](C)[C@H](N)C1=N[C@H](C(=O)N[C@@H](CC(C)C)C(=O)N[C@H](CCC(=O)O)C(=O)N[C@H](C(=O)N[C@H]2CCCCNC(=O)[C@H](CC(N)=O)NC(=O)[C@@H](CC(=O)O)NC(=O)[C@H](Cc3c[nH]cn3)NC(=O)[C@@H](Cc3ccccc3)NC(=O)[C@H]([C@@H](C)CC)NC(=O)[C@@H](CCCN)NC2=O)[C@@H](C)CC)CS1
589,578,CC[C@H](C)[C@H](NC(=O)[C@H](CC(=O)O)NC(=O)[C@H](CC(C)C)NC(=O)[C@H](CC(C)C)NC(=O)[C@H](CCCCN)NC(=O)[C@H](CCCNC(=N)N)NC(=O)[C@H](CC(N)=O)NC(=O)[C@H](CO)NC(=O)[C@H](Cc1cnc[nH]1)NC(=O)[C@H](C)NC(=O)[C@H](CCC(N)=O)NC(=O)[C@H](CCC(N)=O)NC(=O)[C@H](C)NC(=O)[C@H](CC(C)C)NC(=O)[C@H](CCC(N)=O)NC(=O)[C@H](CC(=O)O)NC(=O)[C@H](C)NC(=O)[C@H](CCCCN)NC(=O)[C@@H](NC(=O)[C@H](CCSC)NC(=O)[C@H](CCC(=O)O)NC(=O)[C@H](CC(C)C)NC(=O)[C@@H](NC(=O)[C@H](CCC(=O)O)NC(=O)[C@H](CCCNC(=N)N)NC(=O)[C@H](CC(C)C)NC(=O)[C@H](CC(C)C)NC(=O)[C@H](Cc1cnc[nH]1)NC(=O)[C@H](Cc1ccccc1)NC(=O)[C@@H](NC(=O)[C@H](CC(C)C)NC(=O)[C@H](CC(=O)O)NC(=O)[C@H](CC(C)C)NC(=O)[C@H](CO)NC(=O)[C@@H](NC(=O)[C@@H]1CCCN1C(=O)[C@@H]1CCCN1C(=O)[C@H](CCC(=O)O)NC(=O)[C@H](CCC(N)=O)NC(=O)[C@@H](N)CO)[C@@H](C)CC)[C@@H](C)O)C(C)C)[C@@H](C)O)C(=O)N[C@@H](C)C(N)=O
590,579,CC[C@H](C)[C@H](NC(=O)[C@H](CCC(=O)O)NC(=O)[C@H](CCC(=O)O)NC(=O)[C@H](Cc1ccccc1)NC(=O)[C@H](CC(=O)O)NC(=O)CNC(=O)[C@H](CC(N)=O)NC(=O)CNC(=O)CNC(=O)CNC(=O)CNC(=O)[C@@H]1CCCN1C(=O)[C@H](CCCNC(=N)N)NC(=O)[C@@H]1CCCN1C(=O)[C@H](N)Cc1ccccc1)C(=O)N1CCC[C@H]1C(=O)N[C@@H](CCC(=O)O)C(=O)N[C@@H](CCC(=O)O)C(=O)N[C@@H](Cc1ccc(O)cc1)C(=O)N[C@@H](CC(C)C)C(=O)O
591,580,CC[C@H](C)[C@H](NC(=O)[C@H](Cc1ccccc1)NC(=O)[C@H](CC(C)C)NC(=O)[C@H](CCCNC(=N)N)NC(=O)[C@@H](NC(=O)[C@H](C)NC(=O)[C@H](CCC(=O)O)NC(=O)[C@H](CCC(=O)O)NC(=O)[C@H](CCC(=O)O)NC(=O)[C@H](CCSC)NC(=O)[C@H](CCC(N)=O)NC(=O)[C@H](CCCCN)NC(=O)[C@H](CO)NC(=O)[C@H](CC(C)C)NC(=O)[C@H](CC(=O)O)NC(=O)[C@H](CO)NC(=O)[C@@H](NC(=O)[C@H](Cc1ccccc1)NC(=O)[C@@H](NC(=O)CNC(=O)[C@H](CCC(=O)O)NC(=O)CNC(=O)[C@@H](N)Cc1c[nH]cn1)[C@@H](C)O)[C@@H](C)O)C(C)C)C(=O)N[C@@H](CCC(=O)O)C(=O)N[C@@H](Cc1c[nH]c2ccccc12)C(=O)N[C@@H](CC(C)C)C(=O)N[C@@H](CCCCN)C(=O)N[C@@H](CC(N)=O)C(=O)NCC(=O)NCC(=O)N1CCC[C@H]1C(=O)N[C@@H](CO)C(=O)N[C@@H](CO)C(=O)NCC(=O)N[C@@H](C)C(=O)N1CCC[C@H]1C(=O)N1CCC[C@H]1C(=O)N[C@@H](CO)C(=O)N[C@@H](CCCCN)C(=O)N[C@@H](CCCCN)C(=O)N[C@@H](CCCCN)C(=O)N[C@@H](CCCCN)C(=O)N[C@@H](CCCCN)C(=O)N[C@@H](CCCCN)C(N)=O
592,581,CC[C@H](NC(C)C)[C@H](O)c1ccc(O)c2[nH]c(=O)ccc12
593,582,CC[C@H](Nc1ncnc2[nH]cnc12)c1nc2cccc(F)c2c(=O)n1-c1ccccc1
594,351,CC[C@H](OC(C)=O)C(C[C@H](C)N(C)C)(c1ccccc1)c1ccccc1
595,583,CC[C@H]1NC(=O)[C@@H](NC(=O)c2ncccc2O)[C@@H](C)OC(=O)[C@H](c2ccccc2)NC(=O)[C@@H]2CC(=O)[C@H](CS[C@@H]3CN4CCC3CC4)CN2C(=O)[C@H](Cc2ccc(N(C)C)cc2)N(C)C(=O)[C@@H]2CCCN2C1=O
596,584,CC[C@H]1OC(=O)[C@H](C)C(=O)[C@H](C)[C@@H](O[C@@H]2O[C@H](C)C[C@H](N(C)C)[C@H]2O)[C@](C)(OC)C[C@@H](C)C(=O)[C@H](C)[C@H]2N(CCCCn3cnc(-c4cccnc4)c3)C(=O)O[C@]12C
597,585,CC[C@H]1OC(=O)[C@H](C)[C@@H](O[C@H]2C[C@@](C)(OC)[C@@H](O)[C@H](C)O2)[C@H](C)[C@@H](O[C@@H]2O[C@H](C)C[C@H](N(C)C)[C@H]2O)[C@](C)(O)C[C@@H](C)C(=NOCOCCOC)[C@H](C)[C@@H](O)[C@]1(C)O
598,586,CC[C@H]1OC(=O)[C@H](C)[C@@H](O[C@H]2C[C@@](C)(OC)[C@@H](O)[C@H](C)O2)[C@H](C)[C@@H](O[C@@H]2O[C@H](C)C[C@H](N(C)C)[C@H]2O)[C@](C)(O)C[C@@H](C)C(=O)[C@H](C)[C@@H](O)[C@]1(C)O
599,587,CC[C@H]1OC(=O)[C@H](C)[C@@H](O[C@H]2C[C@@](C)(OC)[C@@H](O)[C@H](C)O2)[C@H](C)[C@@H](O[C@@H]2O[C@H](C)C[C@H](N(C)C)[C@H]2O)[C@](C)(O)C[C@@H](C)CN(C)[C@H](C)[C@@H](O)[C@]1(C)O
600,588,CC[C@H]1OC(=O)[C@H](C)[C@@H](O[C@H]2C[C@@](C)(OC)[C@@H](O)[C@H](C)O2)[C@H](C)[C@@H](O[C@@H]2O[C@H](C)C[C@H](N(C)C)[C@H]2O)[C@](C)(O)C[C@@H](C)[C@@H]2N[C@@H](COCCOC)O[C@H]([C@H]2C)[C@]1(C)O
601,589,CC[C@H]1OC(=O)[C@H](C)[C@@H](O[C@H]2C[C@@](C)(OC)[C@@H](O)[C@H](C)O2)[C@H](C)[C@@H](O[C@@H]2O[C@H](C)C[C@H](N(C)C)[C@H]2O)[C@](C)(OC)C[C@@H](C)C(=O)[C@H](C)[C@@H](O)[C@]1(C)O
602,590,CC[C@H]1[C@@H](O)[C@@H]2[C@H](CC[C@]3(C)[C@@H]([C@H](C)CCC(=O)O)CC[C@@H]23)[C@@]2(C)CC[C@@H](O)C[C@@H]12
603,591,CC[C@H]1[C@@H]2C[C@H]3[C@@H]4N(C)c5ccccc5[C@]45C[C@@H](C2[C@H]5O)N3[C@@H]1O
604,592,CC[C@]1(O)C[C@@H]2CN(CCc3c([nH]c4ccccc34)[C@@](C(=O)OC)(c3cc4c(cc3OC)N(C)[C@H]3[C@@](O)(C(=O)OC)[C@H](OC(C)=O)[C@]5(CC)C=CCN6CC[C@]43[C@@H]65)C2)C1
605,593,CC[C@]1(O)C[C@@H]2CN(CCc3c([nH]c4ccccc34)[C@@](C(=O)OC)(c3cc4c(cc3OC)N(C)[C@H]3[C@@](O)(C(N)=O)[C@H](O)[C@]5(CC)C=CCN6CC[C@]43[C@@H]65)C2)C1
606,594,CC[C@]1(O)C[C@@H]2C[N@@](CCc3c([nH]c4ccccc34)[C@@](C(=O)OC)(c3cc4c(cc3OC)N(C=O)[C@H]3[C@@](O)(C(=O)OC)[C@H](OC(C)=O)[C@]5(CC)C=CCN6CC[C@]43[C@@H]65)C2)C1
607,595,CC[C@]12C=CCN3CC[C@@]4(c5cc([C@@]6(C(=O)OC)C[C@@H]7C[C@@H](C(C)(F)F)C[N@](Cc8c6[nH]c6ccccc86)C7)c(OC)cc5N(C)[C@H]4[C@@](O)(C(=O)OC)[C@@H]1OC(C)=O)[C@@H]32
608,596,CC[N+](C)(C)Cc1ccccc1Br
609,597,CC[N+](C)(C)c1cccc(O)c1
610,598,CC[N+](C)(CC)CCOC(=O)C(O)(c1ccccc1)C1CCCCC1
611,599,CC[N+](C)(CC)CCOC(=O)C1c2ccccc2Oc2ccccc21
612,600,CC[N+](CC)(CC)CCOc1cccc(OCC[N+](CC)(CC)CC)c1OCC[N+](CC)(CC)CC.[I-].[I-].[I-]
613,601,CC[N+](CC)(CCNC(=O)C(=O)NCC[N+](CC)(CC)Cc1ccccc1Cl)Cc1ccccc1Cl
614,602,CCc1c(C)[nH]c2c1C(=O)C(CN1CCOCC1)CC2
615,603,CCc1c(Cl)c(O)c(Cl)c(O)c1C(=O)O[C@H]1[C@H](O)[C@H](OC)[C@H](OC/C2=C\C=C\C[C@H](O)/C(C)=C/[C@H](CC)[C@@H](O[C@@H]3OC(C)(C)[C@@H](OC(=O)C(C)C)[C@H](O)[C@@H]3O)/C(C)=C/C(C)=C/C[C@@H]([C@@H](C)O)OC2=O)O[C@@H]1C
616,604,CCc1c2c(nc3ccc(OC(=O)N4CCC(N5CCCCC5)CC4)cc13)-c1cc3c(c(=O)n1C2)COC(=O)[C@]3(O)CC
617,605,CCc1cc(C(N)=S)ccn1
618,606,CCc1cc2c(cc1CC)CC(NC[C@H](O)c1ccc(O)c3[nH]c(=O)ccc13)C2
619,607,CCc1cc2c(cc1N1CCC(N3CCOCC3)CC1)C(C)(C)c1[nH]c3cc(C#N)ccc3c1C2=O
620,608,CCc1cc2c(s1)-n1c(C)nnc1CN=C2c1ccccc1Cl
621,609,CCc1cc2c(s1)N(C)C(=O)CN=C2c1ccccc1Cl
622,610,CCc1ccc(C(=O)C(C)CN2CCCCC2)cc1
623,611,CCc1ccc(CCOc2ccc(CC3SC(=O)NC3=O)cc2)nc1
624,612,CCc1cccc2c3c([nH]c12)C(CC)(CC(=O)O)OCC3
625,613,CCc1nc(N)nc(N)c1-c1ccc(Cl)cc1
626,614,CCc1nn(CCCN2CCN(c3cccc(Cl)c3)CC2)c(=O)n1CCOc1ccccc1
627,615,CCn1cc(C(=O)O)c(=O)c2cc(F)c(N3CCN(C)CC3)cc21
628,616,CCn1cc(C(=O)O)c(=O)c2cc(F)c(N3CCNC(C)C3)c(F)c21
629,617,CCn1cc(C(=O)O)c(=O)c2cc(F)c(N3CCNCC3)cc21
630,618,CCn1cc(C(=O)O)c(=O)c2cc(F)c(N3CCNCC3)nc21
631,619,CCn1cc(C(=O)O)c(=O)c2ccc(-c3ccncc3)cc21
632,620,CCn1cc(C(=O)O)c(=O)c2ccc(C)nc21
633,621,CCn1ccc(NS(=O)(=O)c2ccc(N)cc2)nc1=O
634,622,CCn1nc(C(=O)O)c(=O)c2cc3c(cc21)OCO3
635,623,CN(C(=O)CN(CCO)CC(=O)N(C)C(C)(C)Cc1ccccc1)C(C)(C)Cc1ccccc1
636,624,CN(C)/N=N/c1[nH]cnc1C(N)=O
637,625,CN(C)C(=N)NC(=N)N
638,626,CN(C)C(=O)C(CCN1CCC(O)(c2ccc(Cl)cc2)CC1)(c1ccccc1)c1ccccc1
639,627,CN(C)C(=O)N[C@H]1CC[C@H](CCN2CCN(c3cccc(Cl)c3Cl)CC2)CC1
640,628,CN(C)C(=O)OC1N=C(c2ccccc2)c2cc(Cl)ccc2N(C)C1=O
641,629,CN(C)C(=O)Oc1cc(OC(=O)N(C)C)cc(C(O)CNC(C)(C)C)c1
642,630,CN(C)C(=O)Oc1ccc[n+](C)c1
643,631,CN(C)C(=O)Oc1cccc([N+](C)(C)C)c1
644,632,CN(C)C(=O)c1cc2cnc(Nc3ccc(N4CCNCC4)cn3)nc2n1C1CCCC1
645,633,CN(C)C/C=C/C(=O)Nc1cc2c(Nc3ccc(F)c(Cl)c3)ncnc2cc1O[C@H]1CCOC1
646,634,CN(C)CC(c1ccc(O)cc1)C1(O)CCCCC1
647,635,CN(C)CC/C=C1/c2ccccc2COc2ccc(CC(=O)O)cc21
648,636,CN(C)CC/C=C1/c2ccccc2Sc2ccc(Cl)cc21
649,637,CN(C)CC/C=C1\c2ccccc2CSc2ccccc21
650,638,CN(C)CCC(c1ccc(Br)cc1)c1ccccn1
651,639,CN(C)CCC(c1ccc(Cl)cc1)c1ccccn1
652,640,CN(C)CCC(c1ccccc1)c1ccccn1
653,641,CN(C)CCC=C1c2ccccc2C=Cc2ccccc21
654,642,CN(C)CCC=C1c2ccccc2CCc2ccccc21
655,643,CN(C)CCC=C1c2ccccc2COc2ccccc21
656,644,CN(C)CCCC1(c2ccc(F)cc2)OCc2cc(C#N)ccc21
657,645,CN(C)CCCN1c2ccccc2C(C)(C)c2ccccc21
658,646,CN(C)CCCN1c2ccccc2CCc2ccc(Cl)cc21
659,647,CN(C)CCCN1c2ccccc2CCc2ccccc21
660,648,CN(C)CCCN1c2ccccc2Sc2ccc(C(F)(F)F)cc21
661,649,CN(C)CCCN1c2ccccc2Sc2ccc(Cl)cc21
662,650,CN(C)CCCN1c2ccccc2Sc2ccccc21
663,651,CN(C)CCCOc1nn(Cc2ccccc2)c2ccccc12
664,644,CN(C)CCC[C@@]1(c2ccc(F)cc2)OCc2cc(C#N)ccc21
665,652,CN(C)CCN(Cc1ccc(Cl)cc1)c1ccccn1
666,653,CN(C)CCN(Cc1ccccc1)c1ccccn1
667,654,CN(C)CCOC(=O)C(c1ccccc1)C1(O)CCCC1
668,655,CN(C)CCOC(C)(c1ccccc1)c1ccccn1
669,656,CN(C)CCOC(c1ccc(Cl)cc1)c1ccccn1
670,657,CN(C)CCOC(c1ccccc1)c1ccccc1
671,657,CN(C)CCOC(c1ccccc1)c1ccccc1.Cn1c(=O)c2nc(Cl)[nH]c2n(C)c1=O
672,658,CN(C)CCOC1=Cc2ccccc2Sc2ccc(Cl)cc21
673,659,CN(C)CCOc1ccc(/C(=C(/CCCl)c2ccccc2)c2ccccc2)cc1
674,638,CN(C)CC[C@@H](c1ccc(Br)cc1)c1ccccn1
675,639,CN(C)CC[C@@H](c1ccc(Cl)cc1)c1ccccn1.O=C(O)/C=C\C(=O)O
676,660,CN(C)CCc1c[nH]c2ccc(CS(=O)(=O)N3CCCC3)cc12
677,661,CN(C)CCc1c[nH]c2ccc(C[C@H]3COC(=O)N3)cc12
678,662,CN(C)CCc1c[nH]c2ccc(Cn3cncn3)cc12
679,663,CN(C)CCn1nnnc1SCC1=C(C(=O)O)N2C(=O)[C@@H](NC(=O)Cc3csc(N)n3)[C@H]2SC1
680,664,CN(C)Cc1nnc2n1-c1ccc(Cl)cc1C(c1ccccc1)=NC2
681,665,CN(C)S(=O)(=O)c1ccc2c(c1)N(CCCN1CCC(CCO)CC1)c1ccccc1S2
682,666,CN(C)[C@@H]1C(O)=C(C(=O)NCN2CCCC2)C(=O)[C@@]2(O)C(O)=C3C(=O)c4c(O)cccc4[C@@](C)(O)[C@H]3C[C@@H]12
683,667,CN(C)[C@@H]1C(O)=C(C(=O)NCNCCCC[C@H](N)C(=O)O)C(=O)[C@@]2(O)C(O)=C3C(=O)c4c(O)cccc4[C@@](C)(O)[C@H]3C[C@@H]12
684,668,CN(C)[C@@H]1C(O)=C(C(=O)NCO)C(=O)[C@@]2(O)C(O)=C3C(=O)c4c(O)ccc(Cl)c4[C@@](C)(O)[C@H]3C[C@@H]12
685,669,CN(C)[C@@H]1C(O)=C(C(N)=O)C(=O)[C@@]2(O)C(O)=C3C(=O)c4c(O)ccc(Cl)c4[C@@H](O)[C@H]3C[C@@H]12
686,670,CN(C)[C@@H]1C(O)=C(C(N)=O)C(=O)[C@@]2(O)C(O)=C3C(=O)c4c(O)ccc(Cl)c4[C@@](C)(O)[C@H]3C[C@@H]12
687,671,CN(C)[C@@H]1C(O)=C(C(N)=O)C(=O)[C@@]2(O)C(O)=C3C(=O)c4c(O)cccc4[C@@](C)(O)[C@H]3C[C@@H]12
688,672,CN(C)[C@@H]1C(O)=C(C(N)=O)C(=O)[C@@]2(O)C(O)=C3C(=O)c4c(O)cccc4[C@@](C)(O)[C@H]3[C@H](O)[C@@H]12
689,673,CN(C)c1cc(NC(=O)CNC(C)(C)C)c(O)c2c1C[C@H]1C[C@H]3[C@H](N(C)C)C(O)=C(C(N)=O)C(=O)[C@@]3(O)C(O)=C1C2=O
690,674,CN(C)c1ccc(O)c2c1C[C@H]1C[C@H]3[C@H](N(C)C)C(O)=C(C(N)=O)C(=O)[C@@]3(O)C(O)=C1C2=O
691,675,CN(C)c1ccc2nc3ccc(N(C)C)cc3[s+]c2c1.[Cl-]
692,676,CN(C)c1nc(N(C)C)nc(N(C)C)n1
693,677,CN(C/C=C/C#CC(C)(C)C)Cc1cccc2ccccc12
694,678,CN(CC=Cc1ccccc1)Cc1cccc2ccccc12
695,679,CN(CCCCCCCCCCN(C)C(=O)Oc1cccc([N+](C)(C)C)c1)C(=O)Oc1cccc([N+](C)(C)C)c1
696,680,CN(CCCl)CCCl
697,681,CN(CCOc1ccc(CC2SC(=O)NC2=O)cc1)c1ccccn1
698,682,CN(CCOc1ccc(NS(C)(=O)=O)cc1)CCc1ccc(NS(C)(=O)=O)cc1
699,683,CN(Cc1ccc(C(C)(C)C)cc1)Cc1cccc2ccccc12
700,684,CN(Cc1cnc2nc(N)nc(N)c2n1)c1ccc(C(=O)N[C@@H](CCC(=O)O)C(=O)O)cc1
701,685,CN(N=O)C(=O)N[C@@H]1[C@@H](O)[C@H](O)[C@@H](CO)O[C@@H]1O
702,686,CN/C(=N/C#N)NCCSCc1nc[nH]c1C
703,687,CN1C(=O)C(O)N=C(c2ccccc2)c2cc(Cl)ccc21
704,688,CN1C(=O)C(O)N=C(c2ccccc2Cl)c2cc(Cl)ccc21
705,689,CN1C(=O)CC(=O)N(c2ccccc2)c2cc(Cl)ccc21
706,690,CN1C(=O)CC(C)(c2ccccc2)C1=O
707,691,CN1C(=O)CC(c2ccccc2)C1=O
708,692,CN1C(=O)CCS(=O)(=O)C1c1ccc(Cl)cc1
709,693,CN1C(=O)CN=C(c2ccccc2)c2cc(Cl)ccc21
710,694,CN1C(=O)CN=C(c2ccccc2F)c2cc(Cl)ccc21
711,695,CN1C(=O)CN=C(c2ccccc2F)c2cc([N+](=O)[O-])ccc21
712,696,CN1C(=O)NC(=O)C(C)(C2=CCCCC2)C1=O
713,697,CN1C(=O)OC(C)(C)C1=O
714,698,CN1C(C(=O)Nc2ccccn2)=C(O)c2ccccc2S1(=O)=O
715,699,CN1C(C(=O)Nc2ccccn2)=C(O)c2sc(Cl)cc2S1(=O)=O
716,700,CN1C(C(=O)Nc2ccccn2)=C(O)c2sccc2S1(=O)=O
717,701,CN1C(CCl)Nc2cc(Cl)c(S(N)(=O)=O)cc2S1(=O)=O
718,702,CN1C(CSCC(F)(F)F)Nc2cc(Cl)c(S(N)(=O)=O)cc2S1(=O)=O
719,703,CN1CC(=O)N2[C@H](c3ccc4c(c3)OCO4)c3[nH]c4ccccc4c3C[C@@H]2C1=O
720,704,CN1CC2c3ccccc3Oc3ccc(Cl)cc3C2C1.O=C(O)/C=C\C(=O)O
721,705,CN1CCC(=C2c3ccccc3C=Cc3ccccc32)CC1
722,706,CN1CCC(=C2c3ccccc3CC(=O)c3sccc32)CC1
723,707,CN1CCC(=C2c3ccccc3CCc3cccnc32)CC1
724,708,CN1CCC(=C2c3ccccc3CCc3sccc32)CC1
725,709,CN1CCC(=C2c3ccccc3CCn3c(C=O)cnc32)CC1
726,710,CN1CCC2=C(C1)C(c1ccccc1)c1ccccc12
727,711,CN1CCCC(CC2c3ccccc3Sc3ccccc32)C1
728,712,CN1CCCC(n2nc(Cc3ccc(Cl)cc3)c3ccccc3c2=O)CC1
729,713,CN1CCCCC1CCN1c2ccccc2Sc2ccc(S(C)=O)cc21
730,714,CN1CCCN=C1/C=C/c1cccs1
731,715,CN1CCC[C@@H]1CCO[C@](C)(c1ccccc1)c1ccc(Cl)cc1
732,716,CN1CCC[C@@H]1Cc1c[nH]c2ccc(CCS(=O)(=O)c3ccccc3)cc12
733,717,CN1CCC[C@H]1c1cccnc1
734,718,CN1CCN(C(=O)OC2c3nccnc3C(=O)N2c2ccc(Cl)cn2)CC1
735,718,CN1CCN(C(=O)O[C@H]2c3nccnc3C(=O)N2c2ccc(Cl)cn2)CC1
736,719,CN1CCN(C(c2ccccc2)c2ccccc2)CC1
737,720,CN1CCN(C2=Nc3cc(Cl)ccc3Nc3ccccc32)CC1
738,721,CN1CCN(C2=Nc3ccccc3Oc3ccc(Cl)cc32)CC1
739,722,CN1CCN(CC(=O)N2c3ccccc3C(=O)Nc3cccnc32)CC1
740,723,CN1CCN(CC/C=C2/c3ccccc3Sc3ccc(S(=O)(=O)N(C)C)cc32)CC1
741,724,CN1CCN(CCCN2c3ccccc3Sc3ccc(C(F)(F)F)cc32)CC1
742,725,CN1CCN(CCCN2c3ccccc3Sc3ccc(Cl)cc32)CC1
743,726,CN1CCN(CCCN2c3ccccc3Sc3ccc(S(=O)(=O)N(C)C)cc32)CC1
744,727,CN1CCN(c2c(F)cc3c(=O)c(C(=O)O)cn(CCF)c3c2F)CC1
745,728,CN1CCN2c3ccccc3Cc3ccccc3C2C1
746,729,CN1CCN2c3ncccc3Cc3ccccc3C2C1
747,730,CN1CC[C@]23CCCC[C@H]2[C@H]1Cc1ccc(O)cc13
748,731,CN1CC[C@]23c4c5ccc(O)c4O[C@H]2C(=O)CC[C@@]3(O)[C@H]1C5
749,732,CN1CC[C@]23c4c5ccc(O)c4O[C@H]2C(=O)CC[C@H]3[C@H]1C5
750,733,CN1CC[C@]23c4c5ccc(O)c4O[C@H]2[C@@H](O)C=C[C@H]3[C@H]1C5
751,734,CN1CC[C@]23c4c5ccc(OCCN6CCOCC6)c4O[C@H]2[C@@H](O)C=C[C@H]3[C@H]1C5
752,735,CN1CCc2cccc3c2[C@H]1Cc1ccc(O)c(O)c1-3
753,736,CN1CCc2nc(C(=O)N[C@@H]3C[C@@H](C(=O)N(C)C)CC[C@@H]3NC(=O)C(=O)Nc3ccc(Cl)cn3)sc2C1
754,737,CN1C[C@H](C(=O)N[C@]2(C)O[C@@]3(O)[C@@H]4CCCN4C(=O)[C@H](Cc4ccccc4)N3C2=O)C=C2c3cccc4[nH]cc(c34)C[C@H]21
755,738,CN1C[C@H](C(=O)N[C@]2(C)O[C@@]3(O)[C@@H]4CCCN4C(=O)[C@H](Cc4ccccc4)N3C2=O)C[C@@H]2c3cccc4[nH]cc(c34)C[C@H]21
756,739,CN1[C@@H]2CCC[C@H]1C[C@@H](NC(=O)c1nn(C)c3ccccc13)C2
757,740,CN1[C@@H]2CC[C@H]1C[C@@H](OC(=O)C(CO)c1ccccc1)C2
758,740,CN1[C@@H]2CC[C@H]1C[C@@H](OC(=O)[C@H](CO)c1ccccc1)C2
759,741,CN1[C@@H]2CC[C@H]1C[C@@H](OC(=O)c1c[nH]c3ccccc13)C2
760,742,CN1[C@@H]2CC[C@H]1C[C@@H](OC(c1ccccc1)c1ccccc1)C2
761,743,CN1[C@@H]2C[C@@H](OC(=O)[C@H](CO)c3ccccc3)C[C@H]1[C@@H]1O[C@@H]12
762,744,CN1c2c([nH]c(N)nc2=O)NC[C@@H]1CNc1ccc(C(=O)N[C@@H](CCC(=O)O)C(=O)O)cc1
763,745,CN1c2c(oc(=O)n(-c3ccccn3)c2=O)-c2ccccc2S1(=O)=O
764,746,CN1c2ccccc2C(NCCCCCCC(=O)O)c2ccc(Cl)cc2S1(=O)=O
765,747,CNC(=C[N+](=O)[O-])NCCSCc1ccc(CN(C)C)o1
766,748,CNC(=C[N+](=O)[O-])NCCSCc1csc(CN(C)C)n1
767,749,CNC(=O)Oc1ccc2c(c1)[C@]1(C)CCN(C)[C@@H]1N2C
768,750,CNC(=O)c1cc(Oc2ccc(NC(=O)Nc3ccc(Cl)c(C(F)(F)F)c3)c(F)c2)ccn1
769,751,CNC(=O)c1cc(Oc2ccc(NC(=O)Nc3ccc(Cl)c(C(F)(F)F)c3)cc2)ccn1
770,752,CNC(=O)c1ccc(N2C(=S)N(c3ccc(C#N)c(C(F)(F)F)c3)C(=O)C2(C)C)cc1F
771,753,CNC(=O)c1ccccc1Sc1ccc2c(/C=C/c3ccccn3)n[nH]c2c1
772,754,CNC(=O)c1cnn(-c2nc(N)c3ncn([C@@H]4O[C@H](CO)[C@@H](O)[C@H]4O)c3n2)c1
773,755,CNC(C)(C)Cc1ccccc1
774,756,CNC(C)C1CCC(N)C(OC2C(N)CC(N)C(OC3OCC(C)(O)C(NC)C3O)C2O)O1
775,757,CNC(C)CCC=C(C)C
776,758,CNC1(C)C2CCC(C2)C1(C)C
777,759,CNC1(c2ccccc2Cl)CCCCC1=O
778,760,CNC1=Nc2ccc(Cl)cc2C(c2ccccc2)=[N+]([O-])C1
779,761,CNCC(=O)OCc1cccnc1N(C)C(=O)OC(C)[n+]1cnn(C[C@](O)(c2cc(F)ccc2F)[C@@H](C)c2nc(-c3ccc(C#N)cc3)cs2)c1
780,762,CNCC(O)c1ccc(OC(=O)C(C)(C)C)c(OC(=O)C(C)(C)C)c1
781,763,CNCC12CCC(c3ccccc31)c1ccccc12
782,764,CNCCC(Oc1ccc(C(F)(F)F)cc1)c1ccccc1
783,765,CNCCC=C1c2ccccc2CCc2ccccc21
784,766,CNCCCC12CCC(c3ccccc31)c1ccccc12
785,767,CNCCCC1c2ccccc2C=Cc2ccccc21
786,768,CNCCCN1c2ccccc2CCc2ccccc21
787,769,CNCC[C@@H](Oc1ccccc1C)c1ccccc1
788,770,CNCC[C@H](Oc1cccc2ccccc12)c1cccs1
789,771,CNCCc1ccccn1
790,772,CNC[C@H](O)c1ccc(O)c(O)c1
791,773,CNC[C@H](O)c1cccc(O)c1
792,774,CNCc1ccc(-c2[nH]c3cc(F)cc4c3c2CCNC4=O)cc1
793,775,CNNCc1ccc(C(=O)NC(C)C)cc1
794,776,CNS(=O)(=O)CCc1ccc2[nH]cc(C3CCN(C)CC3)c2c1
795,777,CNS(=O)(=O)Cc1ccc2[nH]cc(CCN(C)C)c2c1
796,778,CN[C@@H](C)Cc1ccccc1
797,779,CN[C@@H](C)[C@@H](O)c1ccccc1
798,780,CN[C@@H](C)[C@H](O)c1ccc(O)cc1
799,779,CN[C@@H](C)[C@H](O)c1ccccc1
800,781,CN[C@@H]1CCc2[nH]c3ccc(C(N)=O)cc3c2C1
801,782,CN[C@@H]1[C@H](O)[C@H](NC)[C@H]2O[C@@]3(O)C(=O)C[C@@H](C)O[C@H]3O[C@@H]2[C@H]1O
802,783,CN[C@@H]1[C@H](O[C@H]2[C@H](O[C@H]3[C@H](O)[C@@H](O)[C@H](NC(=N)N)[C@@H](O)[C@@H]3NC(=N)N)O[C@@H](C)[C@]2(O)C=O)O[C@@H](CO)[C@H](O)[C@H]1O
803,784,CN[C@H](CC(C)C)C(=O)N[C@H]1C(=O)N[C@@H](CC(N)=O)C(=O)N[C@H]2C(=O)N[C@H]3C(=O)N[C@H](C(=O)N[C@H](C(=O)O)c4cc(O)cc(O)c4-c4cc3ccc4O)[C@H](O)c3ccc(c(Cl)c3)Oc3cc2cc(c3O[C@@H]2O[C@H](CO)[C@@H](O)[C@H](O)[C@H]2O[C@H]2C[C@](C)(N)[C@H](O)[C@H](C)O2)Oc2ccc(cc2Cl)[C@H]1O
804,785,CN[C@H](CC(C)C)C(=O)N[C@H]1C(=O)N[C@@H](CC(N)=O)C(=O)N[C@H]2C(=O)N[C@H]3C(=O)N[C@H](C(=O)N[C@H](C(=O)O)c4cc(O)cc(O)c4-c4cc3ccc4O)[C@H](O[C@H]3C[C@](C)(N)[C@@H](O)[C@H](C)O3)c3ccc(c(Cl)c3)Oc3cc2cc(c3O[C@@H]2O[C@H](CO)[C@@H](O)[C@H](O)[C@H]2O[C@H]2C[C@](C)(NCc3ccc(-c4ccc(Cl)cc4)cc3)[C@@H](O)[C@H](C)O2)Oc2ccc(cc2Cl)[C@H]1O
805,786,CN[C@H]1CC[C@@H](c2ccc(Cl)c(Cl)c2)c2ccccc21
806,787,CNc1ncc(-c2ccc3c(=O)c(C(=O)O)cn(C4CC4)c3c2C)cc1C
807,788,CO/N=C(\C(=O)N[C@@H]1C(=O)N2C(C(=O)O)=C(/C=C\c3scnc3C)CS[C@H]12)c1csc(N)n1
808,789,CO/N=C(\C(=O)N[C@@H]1C(=O)N2C(C(=O)O)=C(COC(C)=O)CS[C@H]12)c1csc(N)n1
809,790,CO/N=C(\C(=O)N[C@@H]1C(=O)N2C(C(=O)O)=C(COC(N)=O)CS[C@H]12)c1ccco1
810,791,CO/N=C(\C(=O)N[C@@H]1C(=O)N2C(C(=O)O)=C(CSc3nc(=O)c(=O)[nH]n3C)CS[C@H]12)c1csc(N)n1
811,792,CO/N=C(\C(=O)N[C@@H]1C(=O)N2C(C(=O)O)=C(CSc3nnnn3C)CS[C@H]12)c1csc(N)n1
812,793,CO/N=C(\C(=O)N[C@@H]1C(=O)N2C(C(=O)O)=CCS[C@H]12)c1csc(N)n1
813,794,CO/N=C(\C(=O)N[C@@H]1C(=O)N2C(C(=O)[O-])=C(C[N+]3(C)CCCC3)CS[C@H]12)c1csc(N)n1
814,795,CO/N=C1\CN(c2nc3c(cc2F)c(=O)c(C(=O)O)cn3C2CC2)CC1CN
815,796,COC(=O)/C=C/C(=O)OC
816,797,COC(=O)C(c1ccccc1)C1CCCCN1
817,798,COC(=O)C1=C(C#N)NC(C)=C(C(=O)OC(C)C)C1c1cccc([N+](=O)[O-])c1
818,799,COC(=O)C1=C(C)NC(C)=C(C(=O)OC(C)(C)CN(C)CCC(c2ccccc2)c2ccccc2)C1c1cccc([N+](=O)[O-])c1
819,800,COC(=O)C1=C(C)NC(C)=C(C(=O)OC(C)C)C1c1cccc2nonc12
820,801,COC(=O)C1=C(C)NC(C)=C(C(=O)OC)C1c1ccccc1[N+](=O)[O-]
821,802,COC(=O)C1=C(C)NC(C)=C(C(=O)OCC(C)C)C1c1ccccc1[N+](=O)[O-]
822,803,COC(=O)C1=C(C)NC(C)=C(C(=O)OCCN(C)Cc2ccccc2)C1c1cccc([N+](=O)[O-])c1
823,804,COC(=O)C1=C(C)NC(C)=C(C(=O)OCCN2CCN(C(c3ccccc3)c3ccccc3)CC2)C1c1cccc([N+](=O)[O-])c1
824,805,COC(=O)C1=C(C)NC(C)=C(C(=O)O[C@@H]2CCCN(Cc3ccccc3)C2)[C@@H]1c1cccc([N+](=O)[O-])c1
825,806,COC(=O)C1=C(C)NC(C)=C(C(=O)O[C@H]2CCN(Cc3ccccc3)C2)[C@H]1c1cccc([N+](=O)[O-])c1
826,807,COC(=O)CCC(=O)CN
827,808,COC(=O)CCc1ccc(OCC(O)CNC(C)C)cc1
828,809,COC(=O)C[C@](O)(CCCC(C)(C)O)C(=O)O[C@@H]1C(OC)=C[C@]23CCCN2CCc2cc4c(cc2[C@H]13)OCO4
829,810,COC(=O)N(C)c1c(N)nc(-c2nn(Cc3ccccc3F)c3ncccc23)nc1N
830,811,COC(=O)N[C@H](C(=O)N1CC2(CC2)C[C@H]1c1nc(-c2ccc3c(c2)C(F)(F)c2cc(-c4ccc5[nH]c([C@@H]6[C@H]7CC[C@H](C7)N6C(=O)[C@@H](NC(=O)OC)C(C)C)nc5c4)ccc2-3)c[nH]1)C(C)C
831,812,COC(=O)N[C@H](C(=O)N1CCC[C@H]1C(=O)Nc1ccc([C@@H]2CC[C@@H](c3ccc(NC(=O)[C@@H]4CCCN4C(=O)[C@@H](NC(=O)OC)C(C)C)cc3)N2c2ccc(C(C)(C)C)cc2)cc1)C(C)C
832,813,COC(=O)N[C@H](C(=O)N1CCC[C@H]1c1nc2cc([C@H]3CC[C@H](c4cc5nc([C@@H]6CCCN6C(=O)[C@@H](NC(=O)OC)[C@@H](C)OC)[nH]c5cc4F)N3c3cc(F)c(N4CCC(c5ccc(F)cc5)CC4)c(F)c3)c(F)cc2[nH]1)[C@@H](C)OC
833,814,COC(=O)N[C@H](C(=O)N1CCC[C@H]1c1ncc(-c2ccc(-c3ccc(-c4cnc([C@@H]5CCCN5C(=O)[C@@H](NC(=O)OC)C(C)C)[nH]4)cc3)cc2)[nH]1)C(C)C
834,815,COC(=O)N[C@H](C(=O)N1CCC[C@H]1c1ncc(-c2ccc3c(c2)O[C@@H](c2ccccc2)n2c-3cc3cc(-c4cnc([C@@H]5CCCN5C(=O)[C@@H](NC(=O)OC)C(C)C)[nH]4)ccc32)[nH]1)C(C)C
835,816,COC(=O)N[C@H](C(=O)N[C@@H](Cc1ccccc1)[C@@H](O)CN(Cc1ccc(-c2ccccn2)cc1)NC(=O)[C@@H](NC(=O)OC)C(C)(C)C)C(C)(C)C
836,817,COC(=O)Nc1nc2cc(C(=O)c3ccc(F)cc3)ccc2[nH]1
837,818,COC(=O)Nc1nc2ccc(C(=O)c3ccccc3)cc2[nH]1
838,819,COC(=O)[C@@H]1CC2=CC(=O)CC[C@]2(C)[C@@]23O[C@@H]2C[C@@]2(C)[C@@H](CC[C@@]24CCC(=O)O4)[C@H]13
839,820,COC(=O)[C@@H]1[C@H]2C[C@H]3c4[nH]c5ccccc5c4CCN3C[C@@H]2CC[C@@H]1O
840,797,COC(=O)[C@H](c1ccccc1)[C@H]1CCCCN1
841,821,COC(=O)[C@H](c1ccccc1Cl)N1CCc2sccc2C1
842,822,COC(=O)[C@H]1[C@@H](OC(=O)c2ccccc2)C[C@@H]2CC[C@H]1N2C
843,823,COC(=O)[C@H]1[C@@H](c2ccc([123I])cc2)C[C@@H]2CC[C@H]1N2CCCF
844,824,COC(=O)[C@H]1[C@H]2C[C@@H]3c4[nH]c5cc(OC)ccc5c4CCN3C[C@H]2C[C@@H](OC(=O)C=Cc2cc(OC)c(OC)c(OC)c2)[C@@H]1OC
845,825,COC(=O)[C@H]1[C@H]2C[C@@H]3c4[nH]c5cc(OC)ccc5c4CCN3C[C@H]2C[C@@H](OC(=O)c2cc(OC)c(OC)c(OC)c2)[C@@H]1OC
846,826,COC(=O)[C@H]1[C@H]2C[C@@H]3c4[nH]c5ccccc5c4CCN3C[C@H]2C[C@@H](OC(=O)c2cc(OC)c(OC)c(OC)c2)[C@@H]1OC
847,827,COC(=O)c1ccc2c(c1)NC(=O)/C2=C(\Nc1ccc(N(C)C(=O)CN2CCN(C)CC2)cc1)c1ccccc1
848,828,COC(=O)c1ccccc1O
849,829,COC(CNC(=O)c1ccccc1OCC(=O)O)C[Hg]O
850,830,COC(F)(F)C(Cl)Cl
851,831,COC(c1ccccc1)(c1ccccc1)[C@H](Oc1nc(C)cc(C)n1)C(=O)O
852,832,COC1=C(OC)C(=O)C(C/C=C(\C)CC/C=C(\C)CC/C=C(\C)CC/C=C(\C)CC/C=C(\C)CC/C=C(\C)CC/C=C(\C)CC/C=C(\C)CC/C=C(\C)CCC=C(C)C)=C(C)C1=O
853,833,COC1=CC(=O)C[C@@H](C)[C@]12Oc1c(Cl)c(OC)cc(OC)c1C2=O
854,834,COCC(=O)Nc1c(I)c(C(=O)NCC(O)CO)c(I)c(C(=O)N(C)CC(O)CO)c1I
855,835,COCC1=C(C(=O)O)N2C(=O)[C@@H](NC(=O)/C(=N\OC)c3csc(N)n3)[C@H]2SC1
856,836,COCCCC/C(=N\OCCN)c1ccc(C(F)(F)F)cc1
857,837,COCCCN1CCC(NC(=O)c2cc(Cl)c(N)c3c2OCC3)CC1
858,838,COCCCOc1cc(C[C@@H](C[C@H](N)[C@@H](O)C[C@H](C(=O)NCC(C)(C)C(N)=O)C(C)C)C(C)C)ccc1OC
859,839,COCCCOc1ccnc(CS(=O)c2nc3ccccc3[nH]2)c1C
860,840,COCCOC(=O)C1=C(C)NC(C)=C(C(=O)OC(C)C)C1c1cccc([N+](=O)[O-])c1
861,841,COCCOC(=O)C1=C(C)NC(C)=C(C(=O)OC/C=C/c2ccccc2)C1c1cccc([N+](=O)[O-])c1
862,842,COCCO[C@@H]1[C@H](O)[C@@H](COP(=O)(S)O[C@H]2[C@@H](OCCOC)[C@H](n3cc(C)c(N)nc3=O)O[C@@H]2COP(=O)(S)O[C@H]2[C@@H](OCCOC)[C@H](n3cnc4c(N)ncnc43)O[C@@H]2COP(=O)(S)O[C@H]2[C@@H](OCCOC)[C@H](n3cc(C)c(N)nc3=O)O[C@@H]2COP(=O)(S)O[C@H]2[C@@H](OCCOC)[C@H](n3cnc4c(=O)[nH]c(N)nc43)O[C@@H]2COP(=O)(S)O[C@H]2C[C@H](n3cc(C)c(N)nc3=O)O[C@@H]2COP(=O)(S)O[C@H]2C[C@H](n3cc(C)c(=O)[nH]c3=O)O[C@@H]2COP(=O)(S)O[C@H]2C[C@H](n3cc(C)c(=O)[nH]c3=O)O[C@@H]2COP(=O)(S)O[C@H]2C[C@H](n3cc(C)c(N)nc3=O)O[C@@H]2COP(=O)(S)O[C@H]2C[C@H](n3cnc4c(=O)[nH]c(N)nc43)O[C@@H]2COP(=O)(S)O[C@H]2C[C@H](n3cc(C)c(=O)[nH]c3=O)O[C@@H]2COP(=O)(S)O[C@H]2C[C@H](n3cc(C)c(N)nc3=O)O[C@@H]2COP(=O)(S)O[C@H]2C[C@H](n3cc(C)c(=O)[nH]c3=O)O[C@@H]2COP(=O)(S)O[C@H]2C[C@H](n3cnc4c(=O)[nH]c(N)nc43)O[C@@H]2COP(=O)(S)O[C@H]2C[C@H](n3cnc4c(N)ncnc43)O[C@@H]2COP(=O)(S)O[C@H]2[C@@H](OCCOC)[C@H](n3cc(C)c(N)nc3=O)O[C@@H]2COP(=O)(S)O[C@H]2[C@@H](OCCOC)[C@H](n3cc(C)c(=O)[nH]c3=O)O[C@@H]2COP(=O)(S)O[C@H]2[C@@H](OCCOC)[C@H](n3cc(C)c(N)nc3=O)O[C@@H]2COP(=O)(S)O[C@H]2[C@@H](OCCOC)[C@H](n3cc(C)c(N)nc3=O)O[C@@H]2COP(=O)(S)O[C@H]2[C@@H](OCCOC)[C@H](n3cnc4c(=O)[nH]c(N)nc43)O[C@@H]2CO)O[C@H]1n1cc(C)c(N)nc1=O
863,843,COCCc1ccc(OCC(O)CNC(C)C)cc1
864,844,COC[C@@H](NC(C)=O)C(=O)NCc1ccccc1
865,845,COC[C@H]1C[C@@H](c2ncc(-c3ccc4c(c3)COc3cc5c(ccc6nc([C@@H]7CC[C@H](C)N7C(=O)[C@@H](NC(=O)OC)C(C)C)[nH]c65)cc3-4)[nH]2)N(C(=O)[C@H](NC(=O)OC)c2ccccc2)C1
866,846,CO[C@@H]1[C@@H](OC(N)=O)[C@@H](O)[C@H](Oc2ccc3c(O)c(NC(=O)c4ccc(O)c(CC=C(C)C)c4)c(=O)oc3c2C)OC1(C)C
867,847,CO[C@@H]1[C@@H](O[C@@H]2O[C@H](C)[C@@H](O[C@H]3C[C@@](C)(O)[C@@H](O)[C@H](C)O3)[C@H](N(C)C)[C@H]2O)[C@@H](CC=O)C[C@@H](C)[C@@H](O[C@H]2CC[C@H](N(C)C)[C@H](C)O2)/C=C/C=C/C[C@@H](C)OC(=O)C[C@H]1O
868,848,CO[C@@H]1[C@@H](O[C@@H]2O[C@H](C)[C@@H](O[C@H]3C[C@@](C)(O)[C@@H](OC(=O)CC(C)C)[C@H](C)O3)[C@H](N(C)C)[C@H]2O)[C@@H](CC=O)C[C@@H](C)[C@@H](O)/C=C/C=C/C[C@@H](C)OC(=O)C[C@H]1OC(C)=O
869,849,CO[C@@H]1[C@H](N(C)C(=O)c2ccccc2)C[C@H]2O[C@]1(C)n1c3ccccc3c3c4c(c5c6ccccc6n2c5c31)C(=O)NC4
870,850,CO[C@@]1(NC(=O)C(C(=O)O)c2ccc(O)cc2)C(=O)N2C(C(=O)O)=C(CSc3nnnn3C)CO[C@@H]21
871,851,CO[C@@]1(NC(=O)C2SC(=C(C(N)=O)C(=O)O)S2)C(=O)N2C(C(=O)O)=C(CSc3nnnn3C)CS[C@@H]21
872,852,CO[C@@]1(NC(=O)CSCC#N)C(=O)N2C(C(=O)O)=C(CSc3nnnn3C)CS[C@@H]21
873,853,CO[C@@]1(NC(=O)Cc2cccs2)C(=O)N2C(C(=O)O)=C(COC(N)=O)CS[C@@H]21
874,854,CO[C@@]12[C@H](COC(N)=O)C3=C(C(=O)C(C)=C(N)C3=O)N1C[C@@H]1N[C@@H]12
875,855,CO[C@H](C(=O)[C@@H](O)[C@@H](C)O)[C@@H]1Cc2cc3cc(O[C@H]4C[C@@H](O[C@H]5C[C@@H](O)[C@H](O)[C@@H](C)O5)[C@H](O)[C@@H](C)O4)c(C)c(O)c3c(O)c2C(=O)[C@H]1O[C@H]1C[C@@H](O[C@H]2C[C@@H](O[C@H]3C[C@](C)(O)[C@H](O)[C@@H](C)O3)[C@@H](O)[C@@H](C)O2)[C@H](O)[C@@H](C)O1
876,856,CO[C@H]1/C=C/O[C@@]2(C)Oc3c(C)c(O)c4c(O)c(c(/C=N/N5CCN(C)CC5)c(O)c4c3C2=O)NC(=O)/C(C)=C\C=C\[C@H](C)[C@H](O)[C@@H](C)[C@@H](O)[C@@H](C)[C@H](OC(C)=O)[C@@H]1C
877,857,CO[C@H]1/C=C/O[C@@]2(C)Oc3c(C)c(O)c4c(O)c(c(/C=N/N5CCN(C6CCCC6)CC5)c(O)c4c3C2=O)NC(=O)/C(C)=C\C=C\[C@H](C)[C@H](O)[C@@H](C)[C@@H](O)[C@@H](C)[C@H](OC(C)=O)[C@@H]1C
878,858,CO[C@H]1/C=C/O[C@@]2(C)Oc3c(C)c(O)c4c(O)c(c5c(nc6cc(C)ccn65)c4c3C2=O)NC(=O)/C(C)=C\C=C\[C@H](C)[C@H](O)[C@@H](C)[C@@H](O)[C@@H](C)[C@H](OC(C)=O)[C@@H]1C
879,859,CO[C@H]1/C=C/O[C@@]2(C)Oc3c(C)c(O)c4c(c3C2=O)C2=NC3(CCN(CC(C)C)CC3)NC2=C(NC(=O)/C(C)=C\C=C\[C@H](C)[C@H](O)[C@@H](C)[C@@H](O)[C@@H](C)[C@H](OC(C)=O)[C@@H]1C)C4=O
880,860,CO[C@H]1C(=O)[C@]2(C)[C@@H](OC)C[C@H]3OC[C@@]3(OC(C)=O)[C@H]2[C@H](OC(=O)c2ccccc2)[C@]2(O)C[C@H](OC(=O)[C@H](O)[C@@H](NC(=O)OC(C)(C)C)c3ccccc3)C(C)=C1C2(C)C
881,861,CO[C@H]1C[C@@H]2CC[C@@H](C)[C@@](O)(O2)C(=O)C(=O)N2CCCC[C@H]2C(=O)O[C@H]([C@H](C)C[C@@H]2CC[C@@H](O)[C@H](OC)C2)CC(=O)[C@H](C)/C=C(\C)[C@@H](O)[C@@H](OC)C(=O)[C@H](C)C[C@H](C)/C=C/C=C/C=C/1C
882,862,CO[C@H]1C[C@@H]2CC[C@@H](C)[C@@](O)(O2)C(=O)C(=O)N2CCCC[C@H]2C(=O)O[C@H]([C@H](C)C[C@@H]2CC[C@@H](OC(=O)C(C)(CO)CO)[C@H](OC)C2)CC(=O)[C@H](C)/C=C(\C)[C@@H](O)[C@@H](OC)C(=O)[C@H](C)C[C@H](C)/C=C/C=C/C=C/1C
883,863,CO[C@H]1C[C@@H]2CC[C@@H](C)[C@@](O)(O2)C(=O)C(=O)N2CCCC[C@H]2C(=O)O[C@H]([C@H](C)C[C@@H]2CC[C@@H](OCCO)[C@H](OC)C2)CC(=O)[C@H](C)/C=C(\C)[C@@H](O)[C@@H](OC)C(=O)[C@H](C)C[C@H](C)/C=C/C=C/C=C/1C
884,864,CO[C@H]1C[C@H](O[C@H]2[C@H](C)[C@@H](O[C@@H]3O[C@H](C)C[C@H](N(C)C)[C@H]3OC(C)=O)[C@@H](C)C[C@@]3(CO3)C(=O)[C@H](C)[C@@H](OC(C)=O)[C@@H](C)[C@@H](C)OC(=O)[C@@H]2C)O[C@@H](C)[C@@H]1OC(C)=O
885,865,CO[C@H]1O[C@@H]2O[C@@]3(C)CC[C@H]4[C@H](C)CC[C@@H]([C@H]1C)[C@@]24OO3
886,866,CO[C@H]1O[C@H](COS(=O)(=O)O)[C@@H](O[C@@H]2O[C@@H](C(=O)O)[C@@H](O[C@H]3O[C@H](COS(=O)(=O)O)[C@@H](O[C@@H]4O[C@H](C(=O)O)[C@@H](O[C@H]5O[C@H](COS(=O)(=O)O)[C@@H](O)[C@H](O)[C@H]5NS(=O)(=O)O)[C@H](O)[C@H]4O)[C@H](OS(=O)(=O)O)[C@H]3NS(=O)(=O)O)[C@H](O)[C@H]2OS(=O)(=O)O)[C@H](O)[C@H]1NS(=O)(=O)O
887,867,CO[C@]12CC[C@@]3(C[C@@H]1[C@](C)(O)C(C)(C)C)[C@H]1Cc4ccc(O)c5c4[C@@]3(CCN1CC1CC1)[C@H]2O5
888,868,CO[C@]12C[C@@H](COC(=O)c3cncc(Br)c3)CN(C)[C@@H]1Cc1cn(C)c3cccc2c13
889,869,COc1c(-c2ccc3cc(NS(C)(=O)=O)ccc3c2)cc(-n2ccc(=O)[nH]c2=O)cc1C(C)(C)C
890,870,COc1c(C)c2c(c(O)c1C/C=C(\C)CCC(=O)O)C(=O)OC2
891,871,COc1c(C)c2c(c(O)c1C/C=C(\C)CCC(=O)OCCN1CCOCC1)C(=O)OC2
892,872,COc1c(N2CCNC(C)C2)c(F)cc2c(=O)c(C(=O)O)cn(C3CC3)c12
893,873,COc1c(N2C[C@@H]3CCCN[C@@H]3C2)c(F)cc2c(=O)c(C(=O)O)cn(C3CC3)c12
894,874,COc1c(OCCCN2CCOCC2)ccc2c1N=C(NC(=O)c1cnc(N)nc1)N1CCN=C21
895,875,COc1c2occc2cc2ccc(=O)oc12
896,876,COc1cc(Br)c(C[N+]2(CCOCCC3CCC4CC3C4(C)C)CCOCC2)cc1OC
897,877,COc1cc(C(=O)NCc2ccc(OCCN(C)C)cc2)cc(OC)c1OC
898,878,COc1cc(C(=O)NS(=O)(=O)c2ccccc2C)ccc1Cc1cn(C)c2ccc(NC(=O)OC3CCCC3)cc12
899,879,COc1cc(C(C)=O)ccc1OCCCN1CCC(c2noc3cc(F)ccc23)CC1
900,880,COc1cc(C)c(/C=C/C(C)=C/C=C/C(C)=C/C(=O)O)c(C)c1C
901,881,COc1cc(C)nc(-n2nc(C)cc2OC)n1
902,882,COc1cc(C2c3cc4c(cc3C(O)C(CO)C2C(=O)O)OCO4)cc(OC)c1OC.COc1cc(C2c3cc4c(cc3C(O)C(CO)C2C(=O)O)OCO4)cc(OC)c1OC.COc1cc(C2c3cc4c(cc3C(O)C3COC(=O)C23)OCO4)cc(OC)c1OC.COc1cc(C2c3cc4c(cc3C(O)C3COC(=O)C23)OCO4)cc(OC)c1OC
903,883,COc1cc(CC2c3c(cc(OC)c(OC)c3OC)CC[N+]2(C)CCCOC(=O)CCC(=O)OCCC[N+]2(C)CCc3cc(OC)c(OC)c(OC)c3C2Cc2cc(OC)c(OC)c(OC)c2)cc(OC)c1OC
904,884,COc1cc(CNC(=O)CCCC/C=C/C(C)C)ccc1O
905,884,COc1cc(CNC(=O)CCCC/C=C\C(C)C)ccc1O
906,885,COc1cc(Cc2cnc(N)nc2N)cc(OC)c1OC
907,886,COc1cc(N)c(Cl)cc1C(=O)N[C@@H]1CCN(CCCOc2ccc(F)cc2)C[C@@H]1OC
908,887,COc1cc(N2CCC(N3CCN(C)CC3)CC2)ccc1Nc1ncc(Cl)c(Nc2ccccc2P(C)(C)=O)n1
909,888,COc1cc(NC(C)CCCN)c2ncccc2c1
910,889,COc1cc(NCc2ccc3nc(N)nc(N)c3c2C)cc(OC)c1OC
911,890,COc1cc(NS(=O)(=O)c2ccc(N)cc2)nc(OC)n1
912,891,COc1cc(NS(C)(=O)=O)ccc1Nc1c2ccccc2nc2ccccc12
913,892,COc1cc(Nc2c(C#N)cnc3cc(OCCCN4CCN(C)CC4)c(OC)cc23)c(Cl)cc1Cl
914,893,COc1cc([C@@H]2c3cc4c(cc3[C@@H](O[C@@H]3O[C@@H]5CO[C@@H](C)O[C@H]5[C@H](O)[C@H]3O)[C@H]3COC(=O)[C@H]23)OCO4)cc(OC)c1O
915,894,COc1cc([C@@H]2c3cc4c(cc3[C@@H](O[C@@H]3O[C@@H]5CO[C@@H](c6cccs6)O[C@H]5[C@H](O)[C@H]3O)[C@H]3COC(=O)[C@H]23)OCO4)cc(OC)c1O
916,895,COc1cc([C@@H]2c3cc4c(cc3[C@H](O)[C@H]3COC(=O)[C@H]23)OCO4)cc(OC)c1OC
917,896,COc1cc2c(Nc3ccc(Br)cc3F)ncnc2cc1OCC1CCN(C)CC1
918,897,COc1cc2c(c(OC)c1OC)-c1ccc(OC)c(=O)cc1C(NC(C)=O)CC2
919,898,COc1cc2c(cc1Cc1cccc(Cl)c1F)c(=O)c(C(=O)O)cn2[C@H](CO)C(C)C
920,899,COc1cc2c(cc1O)CCN[C@]21CS[C@@H]2c3c(OC(C)=O)c(C)c4c(c3[C@H](COC1=O)N1[C@@H]2[C@H]2c3c(cc(C)c(OC)c3O)C[C@@H]([C@@H]1O)N2C)OCO4
921,900,COc1cc2c(cc1OC)C(=O)C(CC1CCN(Cc3ccccc3)CC1)C2
922,901,COc1cc2c(cc1OC)C1CC(=O)C(CC(C)C)CN1CC2
923,902,COc1cc2c(cc1OC)CC(=O)N(CCCN(C)C[C@H]1Cc3cc(OC)c(OC)cc31)CC2
924,903,COc1cc2c(cc1OC)[C@@H](Cc1cc(OC)c(OC)c(OC)c1)[N+](C)(CCCOC(=O)CC/C=C/CCC(=O)OCCC[N+]1(C)CCc3cc(OC)c(OC)cc3[C@H]1Cc1cc(OC)c(OC)c(OC)c1)CC2
925,904,COc1cc2c(cc1OC)[C@H]1C[C@@H](OC(=O)[C@@H](N)C(C)C)[C@H](CC(C)C)CN1CC2
926,905,COc1cc2c3cc1Oc1cc(ccc1O)C[C@@H]1c4c(cc(OC)c(O)c4Oc4ccc(cc4)C[C@@H]3N(C)CC2)CC[N+]1(C)C
927,906,COc1cc2nc(N(C)CCCNC(=O)C3CCCO3)nc(N)c2cc1OC
928,907,COc1cc2nc(N3CCN(C(=O)C4CCCO4)CC3)nc(N)c2cc1OC
929,908,COc1cc2nc(N3CCN(C(=O)C4COc5ccccc5O4)CC3)nc(N)c2cc1OC
930,909,COc1cc2nc(N3CCN(C(=O)c4ccco4)CC3)nc(N)c2cc1OC
931,910,COc1cc2nccc(Oc3ccc(NC(=O)C4(C(=O)Nc5ccc(F)cc5)CC4)cc3)c2cc1OC
932,911,COc1cc2nccc(Oc3ccc(NC(=O)NC4CC4)c(Cl)c3)c2cc1C(N)=O
933,912,COc1cc2ncnc(Nc3ccc(F)c(Cl)c3)c2cc1OCCCN1CCOCC1
934,913,COc1ccc(-c2ccc3cc(C(=O)O)ccc3c2)cc1C12CC3CC(CC(C3)C1)C2
935,914,COc1ccc(-n2nc(C(N)=O)c3c2C(=O)N(c2ccc(N4CCCCC4=O)cc2)CC3)cc1
936,915,COc1ccc(/C=C/C(=O)Nc2ccccc2C(=O)O)cc1OC
937,916,COc1ccc(C(=O)Nc2ccccc2CCC2CCCCN2C)cc1
938,917,COc1ccc(C(CN(C)C)C2(O)CCCCC2)cc1
939,918,COc1ccc(CC(C)(C)NC[C@H](O)c2cc(O)cc3c2OCC(=O)N3)cc1
940,919,COc1ccc(CC(C)NCC(O)c2ccc(O)c(NC=O)c2)cc1
941,920,COc1ccc(CC2c3cc(OC)c(OC)cc3CC[N+]2(C)CCC(=O)OCCCCCOC(=O)CC[N+]2(C)CCc3cc(OC)c(OC)cc3C2Cc2ccc(OC)c(OC)c2)cc1OC.O=S(=O)([O-])c1ccccc1.O=S(=O)([O-])c1ccccc1
942,921,COc1ccc(CCN(C)CCCC(C#N)(c2ccc(OC)c(OC)c2)C(C)C)cc1OC
943,922,COc1ccc(CCN2CCC(Nc3nc4ccccc4n3Cc3ccc(F)cc3)CC2)cc1
944,923,COc1ccc(CCNCC(O)COc2cccc(C)c2)cc1OC
945,924,COc1ccc(CCO[C@@H]2CCCC[C@H]2N2CC[C@@H](O)C2)cc1OC
946,925,COc1ccc(CN(C(=O)[C@@H](N)Cc2c(C)cc(C(N)=O)cc2C)[C@@H](C)c2nc(-c3ccccc3)c[nH]2)cc1C(=O)O
947,926,COc1ccc(CN(CCN(C)C)c2ccccn2)cc1
948,927,COc1ccc(CN(CCN(C)C)c2ncccn2)cc1
949,928,COc1ccc(CN2CCNCC2)c(OC)c1OC
950,929,COc1ccc(CNc2nc(N3CCC[C@H]3CO)ncc2C(=O)NCc2ncccn2)cc1Cl
951,919,COc1ccc(C[C@@H](C)NC[C@H](O)c2ccc(O)c(NC=O)c2)cc1
952,920,COc1ccc(C[C@@H]2c3cc(OC)c(OC)cc3CC[N@+]2(C)CCC(=O)OCCCCCOC(=O)CC[N@@+]2(C)CCc3cc(OC)c(OC)cc3[C@H]2Cc2ccc(OC)c(OC)c2)cc1OC
953,920,COc1ccc(C[C@@H]2c3cc(OC)c(OC)cc3CC[N@+]2(C)CCC(=O)OCCCCCOC(=O)CC[N@@+]2(C)CCc3cc(OC)c(OC)cc3[C@H]2Cc2ccc(OC)c(OC)c2)cc1OC.O=S(=O)([O-])c1ccccc1.O=S(=O)([O-])c1ccccc1
954,930,COc1ccc(Cc2nccc3cc(OC)c(OC)cc23)cc1OC
955,931,COc1ccc(Cl)cc1C(=O)NCCc1ccc(S(=O)(=O)NC(=O)NC2CCCCC2)cc1
956,932,COc1ccc(NC(=O)c2ccc(C(=N)N(C)C)cc2)c(C(=O)Nc2ccc(Cl)cn2)c1
957,933,COc1ccc(O)cc1
958,934,COc1ccc(OC)c(C(O)C(C)N)c1
959,935,COc1ccc(OC)c(C(O)CNC(=O)CN)c1
960,936,COc1ccc(Oc2cc(N(C)CCOc3ccc(CC4SC(=O)NC4=O)cc3)ncn2)cc1
961,937,COc1ccc([C@@H]2CC(=O)c3c(O)cc(O)cc3O2)cc1O
962,938,COc1ccc([C@@H]2Sc3ccccc3N(CCN(C)C)C(=O)[C@@H]2OC(C)=O)cc1
963,939,COc1ccc2[nH]c([S@@](=O)Cc3ncc(C)c(OC)c3C)nc2c1
964,940,COc1ccc2[nH]cc(CCNC(C)=O)c2c1
965,941,COc1ccc2c(O[C@@H]3C[C@H]4C(=O)N[C@]5(C(=O)NS(=O)(=O)C6CC6)C[C@@H]5/C=C\CCCCN(C)C(=O)[C@@H]4C3)cc(-c3nc(C(C)C)cs3)nc2c1C
966,942,COc1ccc2c(c1)C(=O)N(CCc1ccc(S(=O)(=O)NC(=O)NC3CCCCC3)cc1)C(=O)C2(C)C
967,943,COc1ccc2c(c1)N(C[C@H](C)CN(C)C)c1ccccc1S2
968,944,COc1ccc2c(c1)[C@]13CCCC[C@@H]1[C@H](C2)N(C)CC3
969,945,COc1ccc2c(c1)c(CC(=O)O)c(C)n2C(=O)c1ccc(Cl)cc1
970,946,COc1ccc2c(c1)c(CC(=O)OCC(=O)O)c(C)n2C(=O)c1ccc(Cl)cc1
971,947,COc1ccc2c3c1O[C@H]1C(=O)CC[C@@]4(O)[C@@H](C2)N(C)CC[C@]314
972,948,COc1ccc2c3c1O[C@H]1C(=O)CC[C@H]4[C@@H](C2)N(C)CC[C@]314
973,949,COc1ccc2c3c1O[C@H]1C[C@@H](O)C=C[C@@]31CCN(C)C2
974,950,COc1ccc2c3c1O[C@H]1[C@@H](O)C=C[C@H]4[C@@H](C2)N(C)CC[C@@]341
975,951,COc1ccc2c3c1O[C@H]1[C@@H](O)CC[C@H]4[C@@H](C2)N(C)CC[C@@]341
976,952,COc1ccc2cc(CCC(C)=O)ccc2c1
977,953,COc1ccc2cc([C@H](C)C(=O)O)ccc2c1
978,954,COc1ccc2cc1Oc1cc3c(cc1OC)CC[N+](C)(C)[C@H]3Cc1ccc(cc1)Oc1c(OC)c(OC)cc3c1[C@@H](C2)[N+](C)(C)CC3
979,955,COc1ccc2cccc(CCNC(C)=O)c2c1
980,956,COc1ccc2nc(S(=O)Cc3ncc(C)c(OC)c3C)[nH]c2c1
981,957,COc1cccc(N2CCN(C3=Nc4c(F)cccc4[C@H](CC(=O)O)N3c3cc(C(F)(F)F)ccc3OC)CC2)c1
982,958,COc1cccc(OC)c1C(=O)N[C@@H]1C(=O)N2[C@@H]1SC(C)(C)[C@@H]2C(=O)O
983,959,COc1cccc([C@@]2(O)CCCC[C@@H]2CN(C)C)c1
984,960,COc1cccc2c1C(=O)c1c(O)c3c(c(O)c1C2=O)C[C@@](O)(C(=O)CO)C[C@@H]3O[C@H]1C[C@H](N)[C@@H](O)[C@H](C)O1
985,960,COc1cccc2c1C(=O)c1c(O)c3c(c(O)c1C2=O)C[C@@](O)(C(=O)CO)C[C@@H]3O[C@H]1C[C@H](N)[C@H](O)[C@H](C)O1
986,961,COc1cccc2c1C(=O)c1c(O)c3c(c(O)c1C2=O)C[C@@](O)(C(C)=O)C[C@@H]3O[C@H]1C[C@H](N)[C@H](O)[C@H](C)O1
987,962,COc1ccccc1OCC(O)CN1CCN(CC(=O)Nc2c(C)cccc2C)CC1
988,963,COc1ccccc1OCC(O)COC(N)=O
989,964,COc1ccccc1OCCNCC(O)COc1cccc2[nH]c3ccccc3c12
990,965,COc1ccccc1Oc1c(NS(=O)(=O)c2ccc(C(C)(C)C)cc2)nc(-c2ncccn2)nc1OCCO
991,966,COc1ccnc(CS(=O)c2nc3ccc(OC(F)F)cc3[nH]2)c1OC
992,967,COc1nc(C)nc(Cl)c1NC1=NCCN1
993,968,COc1nc(N)nc2c1ncn2[C@@H]1O[C@H](CO)[C@@H](O)[C@@H]1O
994,969,COc1nc2ccc(Br)cc2cc1[C@@H](c1ccccc1)[C@@](O)(CCN(C)C)c1cccc2ccccc12
995,970,COc1nccnc1NS(=O)(=O)c1ccc(N)cc1
996,971,COc1ncnc(NS(=O)(=O)c2ccc(N)cc2)c1OC
997,972,CS(=O)(=O)CCNCc1ccc(-c2ccc3ncnc(Nc4ccc(OCc5cccc(F)c5)c(Cl)c4)c3c2)o1
998,973,CS(=O)(=O)Nc1ccc([N+](=O)[O-])cc1Oc1ccccc1
999,974,CS(=O)(=O)OCCCCOS(C)(=O)=O
1000,975,CS(=O)(=O)c1ccc(C(=O)Nc2ccc(Cl)c(-c3ccccn3)c2)c(Cl)c1
1001,976,CS(C)=O
1002,977,CSCCNc1nc(SCCC(F)(F)F)nc2c1ncn2[C@@H]1O[C@H](COP(=O)(O)OP(=O)(O)C(Cl)(Cl)P(=O)(O)O)[C@@H](O)[C@H]1O
1003,978,CSCC[C@H](N)C(=O)O
1004,979,CSCC[C@H](NC(=O)[C@H](CO)NC(=O)[C@H](Cc1ccc(O)cc1)NC(=O)[C@@H](N)CO)C(=O)N[C@@H](CCC(=O)O)C(=O)N[C@@H](Cc1cnc[nH]1)C(=O)N[C@@H](Cc1ccccc1)C(=O)N[C@@H](CCCNC(=N)N)C(=O)N[C@@H](Cc1c[nH]c2ccccc12)C(=O)NCC(=O)N[C@@H](CCCCN)C(=O)N1CCC[C@H]1C(=O)N[C@H](C(=O)NCC(=O)N[C@@H](CCCCN)C(=O)N[C@@H](CCCCN)C(=O)N[C@@H](CCCNC(=N)N)C(=O)N[C@@H](CCCNC(=N)N)C(=O)N1CCC[C@H]1C(=O)N[C@H](C(=O)N[C@@H](CCCCN)C(=O)N[C@H](C(=O)N[C@@H](Cc1ccc(O)cc1)C(=O)N1CCC[C@H]1C(=O)O)C(C)C)C(C)C)C(C)C
1005,980,CSc1ccc2c(c1)N(CCC1CCCCN1C)c1ccccc1S2
1006,981,C[C@@H](CN1CC(=O)NC(=O)C1)N1CC(=O)NC(=O)C1
1007,982,C[C@@H](CO)NC(=O)[C@@H]1C=C2c3cccc4[nH]cc(c34)C[C@H]2N(C)C1
1008,983,C[C@@H](Cc1ccccc1)N(C)Cc1ccccc1
1009,984,C[C@@H](Cc1ccccc1)NC(=O)[C@@H](N)CCCCN
1010,985,C[C@@H](NCCCc1cccc(C(F)(F)F)c1)c1cccc2ccccc12
1011,986,C[C@@H](O)[C@@H]1NC(=O)[C@H](CCCCN)NC(=O)[C@@H](Cc2c[nH]c3ccccc23)NC(=O)[C@H](Cc2ccccc2)NC(=O)[C@@H](NC(=O)[C@H](N)Cc2ccccc2)CSSC[C@@H](C(=O)N[C@H](CO)[C@@H](C)O)NC1=O
1012,987,C[C@@H](O)[C@H](NC(=O)[C@@H]1CSSC[C@H](NC(=O)[C@@H](Cc2ccccc2)NC(=O)CN2CCN(CC(=O)[O-])CCN(CC(=O)[O-])CCN(CC(=O)[O-])CC2)C(=O)N[C@@H](Cc2ccc(O)cc2)C(=O)N[C@H](Cc2c[nH]c3ccccc23)C(=O)N[C@@H](CCCCN)C(=O)N[C@@H]([C@@H](C)O)C(=O)N1)C(=O)O.[68Ga+3]
1013,988,C[C@@H](O)[C@H]1C(=O)N2C(C(=O)O)=C(SCC/N=C/N)C[C@H]12
1014,989,C[C@@H](O)[C@H]1C(=O)N2C(C(=O)O)=C(S[C@@H]3CN[C@H](C(=O)N(C)C)C3)[C@H](C)[C@H]12
1015,990,C[C@@H](O)[C@H]1C(=O)N2C(C(=O)O)=C(S[C@@H]3CN[C@H](C(=O)Nc4cccc(C(=O)O)c4)C3)[C@H](C)[C@H]12
1016,991,C[C@@H](O)[C@H]1C(=O)N2C(C(=O)O)=C(S[C@@H]3CN[C@H](CNS(N)(=O)=O)C3)[C@H](C)[C@H]12
1017,992,C[C@@H](OC[C@@]1(c2ccccc2)CC[C@]2(CCC(=O)N2)CN1)c1cc(C(F)(F)F)cc(C(F)(F)F)c1
1018,993,C[C@@H](O[C@H]1OCCN(Cc2n[nH]c(=O)[nH]2)[C@H]1c1ccc(F)cc1)c1cc(C(F)(F)F)cc(C(F)(F)F)c1
1019,994,C[C@@H](O[C@H]1OCCN(Cc2nc(=O)n(P(=O)(O)O)[nH]2)[C@H]1c1ccc(F)cc1)c1cc(C(F)(F)F)cc(C(F)(F)F)c1
1020,995,C[C@@H](Oc1cc(-c2cnn(C3CCNCC3)c2)cnc1N)c1c(Cl)ccc(F)c1Cl
1021,996,C[C@@H](c1nc(-c2ccc(C#N)cc2)cs1)[C@](O)(Cn1cncn1)c1cc(F)ccc1F
1022,997,C[C@@H](c1ncncc1F)[C@](O)(Cn1cncn1)c1ccc(F)cc1F
1023,998,C[C@@H]1C/C=C/C=C/C=C/C=C/[C@H](O[C@@H]2O[C@H](C)[C@@H](O)[C@H](N)[C@@H]2O)C[C@@H]2O[C@](O)(C[C@@H](O)C[C@H]3O[C@@H]3/C=C/C(=O)O1)C[C@H](O)[C@H]2C(=O)O
1024,999,C[C@@H]1CC(=O)NN=C1c1ccc(NN=C(C#N)C#N)cc1
1025,1000,C[C@@H]1CCN(C(=O)CC#N)C[C@@H]1N(C)c1ncnc2[nH]ccc12
1026,1001,C[C@@H]1CCO[C@H]2Cn3cc(C(=O)NCc4ccc(F)cc4F)c(=O)c(O)c3C(=O)N12
1027,1002,C[C@@H]1CN([C@H]2CC[C@](C#N)(c3ccc(F)cc3)CC2)CC[C@]1(C(=O)O)c1ccccc1
1028,1003,C[C@@H]1CN(c2c(F)c(N)c3c(=O)c(C(=O)O)cn(C4CC4)c3c2F)C[C@H](C)N1
1029,1004,C[C@@H]1C[C@H]2[C@@H]3CCC4=CC(=O)C=C[C@]4(C)[C@@]3(Cl)[C@@H](O)C[C@]2(C)[C@@]1(O)C(=O)CCl
1030,1005,C[C@@H]1C[C@H]2[C@@H]3CCC4=CC(=O)C=C[C@]4(C)[C@@]3(F)[C@@H](O)C[C@]2(C)[C@@]1(O)C(=O)CO
1031,1006,C[C@@H]1C[C@H]2[C@@H]3CCC4=CC(=O)C=C[C@]4(C)[C@@]3(F)[C@@H](O)C[C@]2(C)[C@H]1C(=O)CO
1032,1007,C[C@@H]1C[C@H]2[C@@H]3C[C@H](F)C4=CC(=O)C=C[C@]4(C)[C@@]3(Cl)[C@@H](O)C[C@]2(C)[C@H]1C(=O)CO
1033,1008,C[C@@H]1C[C@H]2[C@@H]3C[C@H](F)C4=CC(=O)C=C[C@]4(C)[C@@]3(F)[C@@H](O)C[C@]2(C)[C@@]1(O)C(=O)CO
1034,1009,C[C@@H]1C[C@H]2[C@@H]3C[C@H](F)C4=CC(=O)C=C[C@]4(C)[C@@]3(F)[C@@H](O)C[C@]2(C)[C@@]1(OC(=O)c1ccco1)C(=O)SCF
1035,1010,C[C@@H]1C[C@H]2[C@@H]3C[C@H](F)C4=CC(=O)C=C[C@]4(C)[C@@]3(F)[C@@H](O)C[C@]2(C)[C@H]1C(=O)CO
1036,1011,C[C@@H]1C[C@H]2[C@@H]3C[C@H](F)C4=CC(=O)C=C[C@]4(C)[C@H]3[C@@H](O)C[C@]2(C)[C@@]1(O)C(=O)CO
1037,1012,C[C@@H]1C[C@H]2[C@@H]3C[C@H](F)C4=CC(=O)C=C[C@]4(C)[C@H]3[C@@H](O)C[C@]2(C)[C@H]1C(=O)CO
1038,1013,C[C@@H]1C[C@H]2[C@H]3[C@H]([C@@H](O)C[C@]2(C)[C@@]1(O)C(=O)CO)[C@@]1(C)C=CC(=O)C=C1C[C@H]3Cl
1039,1014,C[C@@H]1NC(=O)[C@@H](N)CNC(=O)[C@H]([C@H]2CCN=C(N)N2)NC(=O)/C(=C\NC(N)=O)NC(=O)[C@H](CNC(=O)C[C@@H](N)CCCN)NC1=O.NCCC[C@H](N)CC(=O)NC[C@@H]1NC(=O)[C@H](CO)NC(=O)[C@@H](N)CNC(=O)[C@H]([C@H]2CCN=C(N)N2)NC(=O)/C(=C\NC(N)=O)NC1=O
1040,1015,C[C@@H]1O[C@@H](O[C@H]2C[C@@H](O)[C@]3(CO)[C@H]4[C@H](O)C[C@]5(C)[C@@H](C6=CC(=O)OC6)CC[C@]5(O)[C@@H]4CC[C@]3(O)C2)[C@H](O)[C@H](O)[C@H]1O
1041,1016,C[C@@H]1O[C@@H]1P(=O)(O)O
1042,1017,C[C@@H]1[C@H](O)[C@@H](C)/C=C/C=C/C=C/C=C/C=C/C=C/C=C/[C@H](O[C@@H]2O[C@H](C)[C@@H](O)[C@H](N)[C@@H]2O)C[C@@H]2O[C@](O)(C[C@@H](O)C[C@@H](O)[C@H](O)CC[C@@H](O)C[C@@H](O)CC(=O)O[C@H]1C)C[C@H](O)[C@H]2C(=O)O
1043,1018,C[C@@H]1[C@H](O)[C@@H](C)/C=C/C=C/CC/C=C/C=C/C=C/C=C/C(O[C@H]2O[C@H](C)[C@@H](O)[C@H](N)[C@@H]2O)CC2O[C@](O)(CC(O)C(O)CCC(O)CC(O)CC(O)CC(=O)O[C@H]1C)CC(O)C2C(=O)O
1044,1019,C[C@@](Cc1ccc(O)c(O)c1)(NN)C(=O)O
1045,1020,C[C@@]12CCCCC[C@@H](Cc3ccc(O)cc31)[C@@H]2N
1046,1021,C[C@H](/C=C/[C@H](C)C(C)(C)O)[C@H]1CC[C@H]2/C(=C/C=C3C[C@@H](O)C[C@H](O)C3)CCC[C@]12C
1047,150,C[C@H](C(=O)O)c1cccc(C(=O)c2ccccc2)c1
1048,1022,C[C@H](CCC(=O)O)[C@H]1CC[C@H]2[C@@H]3CC[C@@H]4C[C@H](O)CC[C@]4(C)[C@H]3C[C@H](O)[C@]12C
1049,1023,C[C@H](CCC(=O)O)[C@H]1CC[C@H]2[C@@H]3[C@@H](O)C[C@@H]4C[C@H](O)CC[C@]4(C)[C@H]3CC[C@]12C
1050,1023,C[C@H](CCC(=O)O)[C@H]1CC[C@H]2[C@@H]3[C@H](O)C[C@@H]4C[C@H](O)CC[C@]4(C)[C@H]3CC[C@]12C
1051,1024,C[C@H](CCC(=O)O)[C@H]1CC[C@H]2[C@@H]3[C@H](O)C[C@@H]4C[C@H](O)CC[C@]4(C)[C@H]3C[C@H](O)[C@]12C
1052,1025,C[C@H](COc1ccccc1)N[C@H](C)[C@@H](O)c1ccc(O)cc1
1053,1026,C[C@H](CS)C(=O)N1CCC[C@H]1C(=O)O
1054,1027,C[C@H](Cc1cc2c(c(C(N)=O)c1)N(CCCO)CC2)NCCOc1ccccc1OCC(F)(F)F
1055,1028,C[C@H](Cc1ccc(O)c(O)c1)[C@@H](C)Cc1ccc(O)c(O)c1
1056,1029,C[C@H](N)C(=O)NCC(=O)N[C@H]1CSSC[C@@H](C(=O)O)NC(=O)[C@H](CO)NC(=O)[C@H]([C@@H](C)O)NC(=O)[C@H](Cc2ccccc2)NC(=O)[C@H]([C@@H](C)O)NC(=O)[C@H](CCCCN)NC(=O)[C@H](Cc2c[nH]c3ccccc23)NC(=O)[C@H](Cc2ccccc2)NC(=O)[C@H](Cc2ccccc2)NC(=O)[C@H](CC(N)=O)NC(=O)[C@H](CCCCN)NC1=O
1057,267,C[C@H](N)Cc1ccccc1
1058,1030,C[C@H](N)[C@H](O)c1ccc(O)c(O)c1
1059,1031,C[C@H](N)[C@H](O)c1cccc(O)c1
1060,1032,C[C@H](N)[C@H](O)c1ccccc1
1061,1033,C[C@H](NCCc1ccc(O)cc1)[C@H](O)c1ccc(O)cc1
1062,1034,C[C@H](NCc1ccc(OCc2cccc(F)c2)cc1)C(N)=O
1063,1035,C[C@H](N[C@@H](CCc1ccccc1)C(=O)O)C(=O)N1CCC[C@H]1C(=O)O
1064,1036,C[C@H](O)C(=O)Nc1c(I)c(C(=O)NC(CO)CO)c(I)c(C(=O)NC(CO)CO)c1I
1065,1037,C[C@H](O)[C@H](O)[C@H]1CNc2nc(N)[nH]c(=O)c2N1
1066,1038,C[C@H]1CN(C[C@H](Cc2ccccc2)C(=O)NCC(=O)O)CC[C@@]1(C)c1cccc(O)c1
1067,1039,C[C@H]1CNCCc2ccc(Cl)cc21
1068,319,C[C@H]1COc2c(N3CCN(C)CC3)c(F)cc3c(=O)c(C(=O)O)cn1c23
1069,1040,C[C@H]1C[C@@H]2[C@H]([C@@H](O)C[C@@]3(C)[C@H]2CC[C@]3(O)C(=O)CO)[C@@]2(C)C=CC(=O)C=C12
1070,1041,C[C@H]1C[C@H]2[C@@H]3CCC4=CC(=O)C=C[C@]4(C)[C@@]3(F)C(=O)C[C@]2(C)[C@@]1(O)C(=O)CCl
1071,1005,C[C@H]1C[C@H]2[C@@H]3CCC4=CC(=O)C=C[C@]4(C)[C@@]3(F)[C@@H](O)C[C@]2(C)[C@@]1(O)C(=O)CO
1072,1042,C[C@H]1C[C@H]2[C@@H]3C[C@H](F)C4=CC(=O)C=C[C@]4(C)[C@@]3(F)[C@@H](O)C[C@]2(C)[C@@]1(O)C(=O)CCl
1073,1008,C[C@H]1C[C@H]2[C@@H]3C[C@H](F)C4=CC(=O)C=C[C@]4(C)[C@@]3(F)[C@@H](O)C[C@]2(C)[C@@]1(O)C(=O)CO
1074,1043,C[C@H]1O[C@@H](O[C@H]2CC[C@@]3(C)[C@H](CC[C@@H]4[C@@H]3C[C@@H](O)[C@]3(C)[C@@H](C5=CC(=O)OC5)CC[C@]43O)C2)C[C@H](O)[C@@H]1O[C@H]1C[C@H](O)[C@H](O[C@H]2C[C@H](O)[C@H](O[C@@H]3O[C@H](CO)[C@@H](O)[C@H](O)[C@H]3O)[C@@H](C)O2)[C@@H](C)O1
1075,1044,C[C@H]1O[C@@H](O[C@H]2[C@@H](O)C[C@H](O[C@H]3[C@@H](O)C[C@H](O[C@H]4CC[C@@]5(C)[C@H](CC[C@@H]6[C@@H]5CC[C@]5(C)[C@@H](C7=CC(=O)OC7)CC[C@]65O)C4)O[C@@H]3C)O[C@@H]2C)C[C@H](O)[C@@H]1O
1076,1045,C[C@H]1O[C@@H](O[C@H]2[C@@H](O)C[C@H](O[C@H]3[C@@H](O)C[C@H](O[C@H]4CC[C@@]5(C)[C@H](CC[C@@H]6[C@@H]5C[C@@H](O)[C@]5(C)[C@@H](C7=CC(=O)OC7)CC[C@]65O)C4)O[C@@H]3C)O[C@@H]2C)C[C@H](O)[C@@H]1O
1077,1046,C[C@H]1O[C@H](O[C@H]2[C@H](O)[C@@H](O)[C@@H](O[C@@H]([C@H](O)[C@@H](O)C=O)[C@H](O)CO)O[C@@H]2CO)[C@H](O)[C@@H](O)[C@@H]1N[C@H]1C=C(CO)[C@@H](O)[C@H](O)[C@H]1O
1078,1047,C[C@H]1[C@H](NC(=O)/C(=N\OC(C)(C)C(=O)O)c2csc([NH3+])n2)C(=O)N1S(=O)(=O)[O-]
1079,1048,C[C@H]1[C@H](OC(=O)CCC(=O)O)O[C@@H]2O[C@@]3(C)CC[C@H]4[C@H](C)CC[C@@H]1[C@@]24OO3
1080,1049,C[C@H]1[C@H](c2ccccc2)OCCN1C
1081,1050,C[C@H]1c2cccc(O)c2C(=O)C2=C(O)[C@]3(O)C(=O)C(C(N)=O)=C(O)[C@@H](N(C)C)[C@@H]3[C@@H](O)[C@@H]21
1082,1051,C[C@](N)(Cc1ccc(O)c(O)c1)C(=O)O
1083,1052,C[C@](N)(Cc1ccc(O)cc1)C(=O)O
1084,1053,C[C@]1(Cn2ccnn2)[C@H](C(=O)O)N2C(=O)C[C@H]2S1(=O)=O
1085,1054,C[C@]1(O)CC[C@H]2[C@@H]3CCC4=CC(=O)CC[C@]4(C)[C@@]3(F)[C@@H](O)C[C@@]21C
1086,1055,C[C@]12C/C(=C/O)C(=O)C[C@@H]1CC[C@@H]1[C@@H]2CC[C@@]2(C)[C@H]1CC[C@]2(C)O
1087,1056,C[C@]12C=CC(=O)C=C1CC[C@@H]1[C@@H]2C(=O)C[C@@]2(C)[C@H]1CC[C@]2(O)C(=O)CO
1088,1057,C[C@]12C=CC(=O)C=C1CC[C@@H]1[C@@H]2CC[C@]2(C)OC(=O)CC[C@@H]12
1089,1058,C[C@]12C=CC(=O)C=C1CC[C@@H]1[C@@H]2[C@@H](O)C[C@@]2(C)[C@H]1CC[C@]2(O)C(=O)CO
1090,1059,C[C@]12C=CC(=O)C=C1CC[C@@H]1[C@@H]2[C@@H](O)C[C@@]2(C)[C@H]1CC[C@]2(O)C(=O)OCCl
1091,1060,C[C@]12C=CC(=O)C=C1CC[C@H]1[C@@H]3C[C@@H](O)[C@](O)(C(=O)CO)[C@@]3(C)C[C@H](O)[C@@]12F
1092,1061,C[C@]12C=CC(=O)N[C@@H]1CC[C@@H]1[C@@H]2CC[C@]2(C)[C@@H](C(=O)Nc3cc(C(F)(F)F)ccc3C(F)(F)F)CC[C@@H]12
1093,1062,C[C@]12CCC(=O)C(O)=C1CC[C@@H]1[C@@H]2CC[C@]2(C)C(=O)CC[C@@H]12
1094,1063,C[C@]12CCC(=O)C=C1C=C[C@@H]1[C@@H]2CC[C@@]2(C)[C@H]1CC[C@@]2(O)CCC(=O)O
1095,1064,C[C@]12CCC(=O)C=C1CC[C@@H]1[C@@H]2CC[C@@]2(C)[C@H]1CC[C@]2(C)O
1096,1065,C[C@]12CCC(=O)C=C1CC[C@@H]1[C@@H]2[C@@H](O)C[C@@]2(C)[C@H]1CC[C@]2(O)C(=O)CO
1097,1066,C[C@]12CCC(=O)C=C1CC[C@@H]1[C@@H]2[C@@H](O)C[C@@]2(C)[C@H]1CC[C@]2(O)C(=O)CS
1098,1067,C[C@]12CCC(=O)C=C1CC[C@H]1[C@@H]3CC[C@](O)(C(=O)CO)[C@@]3(C)C[C@H](O)[C@@]12F
1099,1068,C[C@]12CCC(=O)C=C1[C@@H]1C[C@@H]1[C@H]1[C@@H]3[C@@H]4C[C@@H]4[C@@]4(CCC(=O)O4)[C@@]3(C)CC[C@@H]12
1100,1069,C[C@]12CCC3=C4CCC(=O)C=C4CC[C@H]3[C@@H]1CC[C@@]2(O)CC#N
1101,1070,C[C@]12CC[C@@H]3c4ccc(O)cc4CC[C@H]3[C@@H]1CCC2=O
1102,1071,C[C@]12CC[C@@H]3c4ccc(O)cc4CC[C@H]3[C@@H]1CC[C@@H]2O
1103,1072,C[C@]12CC[C@@H]3c4ccc(O)cc4CC[C@H]3[C@@H]1C[C@@H](O)[C@@H]2O
1104,1073,C[C@]12CC[C@@H]3c4ccc(O)cc4C[C@@H](CCCCCCCCCS(=O)CCCC(F)(F)C(F)(F)F)[C@H]3[C@@H]1CC[C@@H]2O
1105,1074,C[C@]12CC[C@@H]3c4ccc(OC(=O)N(CCCl)CCCl)cc4CC[C@H]3[C@@H]1CC[C@@H]2O
1106,1075,C[C@]12CC[C@@H]3c4ccc(OS(=O)(=O)O)cc4CC[C@H]3[C@@H]1CCC2=O
1107,1076,C[C@]12CC[C@H](O)CC1=CC[C@@H]1[C@@H]2CC[C@]2(C)C(=O)CC[C@@H]12
1108,1077,C[C@]12CC[C@H](O)CC1=CC[C@@H]1[C@@H]2CC[C@]2(C)C(c3cccnc3)=CC[C@@H]12
1109,1078,C[C@]12CC[C@H]3C(=CCc4cc(O)ccc43)[C@@H]1CCC2=O
1110,1079,C[C@]12CC[C@H]3[C@@H](CCC4=CC(=O)CC[C@@]43C)[C@@H]1CC[C@@H]2O
1111,1080,C[C@]12CC[C@H]3[C@@H](CC[C@@]45O[C@@H]4C(O)=C(C#N)C[C@]35C)[C@@H]1CC[C@@H]2O
1112,1081,C[C@]12COC(=O)C[C@@H]1CC[C@@H]1[C@@H]2CC[C@@]2(C)[C@H]1CC[C@]2(C)O
1113,1082,C[C@]12Cc3c[nH]nc3C[C@@H]1CC[C@@H]1[C@@H]2CC[C@@]2(C)[C@H]1CC[C@]2(C)O
1114,1083,C[N+](C)(C)CCCCCCCCCC[N+](C)(C)C
1115,1084,C[N+](C)(C)CCO
1116,1084,C[N+](C)(C)CCO.Cn1c(=O)c2[n-]cnc2n(C)c1=O
1117,1084,C[N+](C)(C)CCO.O=C([O-])c1ccccc1O.O=C([O-])c1ccccc1O.O=C([O-])c1ccccc1O.[Mg+2]
1118,1085,C[N+](C)(C)CCOC(=O)CCC(=O)OCC[N+](C)(C)C
1119,1086,C[N+](C)(C)CCOC(N)=O
1120,1087,C[N+](C)(C)C[C@H](O)CC(=O)[O-]
1121,1084,C[N+](C)([11CH3])CCO.[Cl-]
1122,1088,C[N+]1(C)CCC(OC(=O)C(O)(c2ccccc2)C2CCCC2)C1
1123,1089,C[N+]1(C)[C@@H]2C[C@@H](OC(=O)C(O)(c3cccs3)c3cccs3)C[C@H]1[C@@H]1O[C@@H]12
1124,1090,C[N+]1(C)[C@@H]2C[C@@H](OC(=O)[C@H](CO)c3ccccc3)C[C@H]1[C@@H]1O[C@@H]12
1125,1090,C[N+]1(C)[C@H]2CC(OC(=O)[C@H](CO)c3ccccc3)C[C@H]1C1OC12.[Br-]
1126,1091,C[N+]1(CCCCC[N+]2(C)CCCC2)CCCC1
1127,1092,C[N@+]1(CC2CC2)CC[C@]23c4c5ccc(O)c4O[C@H]2C(=O)CC[C@@]3(O)[C@H]1C5
1128,1093,C[N@+]12CC[C@H](CC1)C(OC(=O)C(O)(c1ccccc1)c1ccccc1)C2
1129,1094,Cc1[nH]c(=O)c(C#N)cc1-c1ccncc1
1130,1095,Cc1[nH]c2ccccc2c1CCNCc1ccc(/C=C/C(=O)NO)cc1
1131,1096,Cc1[nH]cnc1CN1CCc2c(c3ccccc3n2C)C1=O
1132,1097,Cc1c(-c2ccc(O)cc2)n(Cc2ccc(OCCN3CCCCCC3)cc2)c2ccc(O)cc12
1133,1098,Cc1c(C(=O)NN2CCCCC2)nn(-c2ccc(Cl)cc2Cl)c1-c1ccc(Cl)cc1
1134,1099,Cc1c(C(=O)Nc2ccc(N3C[C@@H](C)O[C@@H](C)C3)nc2)cccc1-c1ccc(OC(F)(F)F)cc1
1135,1100,Cc1c(C)c2c(c(C)c1O)CC[C@@](C)(CCC[C@H](C)CCC[C@H](C)CCCC(C)C)O2
1136,1101,Cc1c(Cl)cccc1Nc1ccccc1C(=O)O
1137,1102,Cc1c(Cl)cccc1Nc1ncccc1C(=O)O
1138,1103,Cc1c(N(C)C)c(=O)n(-c2ccccc2)n1C
1139,1104,Cc1c(N)nc([C@H](CC(N)=O)NC[C@H](N)C(N)=O)nc1C(=O)N[C@H](C(=O)N[C@H](C)[C@@H](O)[C@H](C)C(=O)N[C@H](C(=O)NCCc1nc(-c2nc(C(=O)NCCC[S+](C)C)cs2)cs1)[C@@H](C)O)[C@@H](OC1OC(CO)C(O)C(O)C1OC1OC(CO)C(O)C(OC(N)=O)C1O)c1c[nH]cn1
1140,1105,Cc1c(O)c(=O)ccn1C
1141,1106,Cc1c(O)cccc1C(=O)N[C@@H](CSc1ccccc1)[C@H](O)CN1C[C@H]2CCCC[C@H]2C[C@H]1C(=O)NC(C)(C)C
1142,1107,Cc1c(OCC(F)(F)F)ccnc1CS(=O)c1nc2ccccc2[nH]1
1143,1107,Cc1c(OCC(F)(F)F)ccnc1C[S@@](=O)c1nc2ccccc2[nH]1
1144,1108,Cc1c2oc3c(C)ccc(C(=O)N[C@@H]4C(=O)N[C@H](C(C)C)C(=O)N5CCC[C@H]5C(=O)N(C)CC(=O)N(C)[C@@H](C(C)C)C(=O)O[C@@H]4C)c3nc-2c(C(=O)N[C@@H]2C(=O)N[C@H](C(C)C)C(=O)N3CCC[C@H]3C(=O)N(C)CC(=O)N(C)[C@@H](C(C)C)C(=O)O[C@@H]2C)c(N)c1=O
1145,1109,Cc1cc(-c2ccccc2)nnc1NCCN1CCOCC1
1146,1110,Cc1cc(/C=C/C#N)cc(C)c1Nc1ccnc(Nc2ccc(C#N)cc2)n1
1147,1111,Cc1cc(/C=C/c2ccc3cc(N(C)C)ccc3[n+]2C)c(C)n1-c1ccccc1
1148,1112,Cc1cc(=O)n(-c2ccccc2)n1C
1149,1113,Cc1cc(C#N)cc(C)c1Oc1nc(Nc2ccc(C#N)cc2)nc(N)c1Br
1150,1114,Cc1cc(C(=O)NCCc2ccc(S(=O)(=O)NC(=O)NN3CCCCCC3)cc2)no1
1151,1115,Cc1cc(C(=O)NNCc2ccccc2)no1
1152,1116,Cc1cc(C(C)(C)C)c(O)c(C)c1CC1=NCCN1
1153,1117,Cc1cc(C(C)(C)C)cc(C)c1CC1=NCCN1
1154,1118,Cc1cc(C)c(NC(=O)CN(CC(=O)O)CC(=O)O)c(C)c1Br.[99Tc]
1155,1119,Cc1cc(C)cc(OCC2CNC(=O)O2)c1
1156,1120,Cc1cc(C)nc(NS(=O)(=O)c2ccc(N)cc2)n1
1157,1121,Cc1cc(C2CCCCC2)n(O)c(=O)c1
1158,1122,Cc1cc(NS(=O)(=O)c2ccc(N)cc2)no1
1159,1123,Cc1cc(Nc2ncc(Cl)c(=Nc3ccccc3S(=O)(=O)C(C)C)[nH]2)c(OC(C)C)cc1C1CCNCC1
1160,1124,Cc1cc(O)c(C(=O)N[C@@H](C(=O)N[C@@H]2C(=O)N3C(C(=O)O)=C(CSc4nnnn4C)CS[C@H]23)c2ccc(O)cc2)cn1
1161,1125,Cc1cc(O)cc(C)c1Cl
1162,1126,Cc1cc2c(OCC(CNC(C)(C)C)OC(=O)c3ccccc3)cccc2[nH]1
1163,1127,Cc1cc2c(cc1CC(=O)c1sccc1S(=O)(=O)Nc1onc(C)c1Cl)OCO2
1164,1128,Cc1cc2c(s1)Nc1ccccc1N=C2N1CCN(C)CC1
1165,1129,Cc1cc2cc3c(C)cc(=O)oc3c(C)c2o1
1166,1130,Cc1cc2nc3c(=O)[nH]c(=O)nc-3n(C[C@H](O)[C@H](O)[C@H](O)CO)c2cc1C
1167,1131,Cc1ccc(-c2cc(C(F)(F)F)nn2-c2ccc(S(N)(=O)=O)cc2)cc1
1168,1132,Cc1ccc(-c2nc3ccc(C)cn3c2CC(=O)N(C)C)cc1
1169,1133,Cc1ccc(-c2ncc(Cl)cc2-c2ccc(S(C)(=O)=O)cc2)cn1
1170,1134,Cc1ccc(-n2nccn2)c(C(=O)N2CCN(c3nc4cc(Cl)ccc4o3)CC[C@H]2C)c1
1171,1135,Cc1ccc(/C(=C\CN2CCCC2)c2cccc(/C=C/C(=O)O)n2)cc1
1172,1136,Cc1ccc(/C(=C\CN2CCCC2)c2ccccn2)cc1
1173,1137,Cc1ccc(=O)n(-c2ccccc2)c1
1174,1138,Cc1ccc(C(=O)C(C)CN2CCCCC2)cc1
1175,1139,Cc1ccc(C(=O)Nc2ccc(CN3CCN(C)CC3)c(C(F)(F)F)c2)cc1C#Cc1cnc2cccnn12
1176,1140,Cc1ccc(C(=O)Nc2ccc(S(=O)(=O)O)c3cc(S(=O)(=O)O)cc(S(=O)(=O)O)c23)cc1NC(=O)c1cccc(NC(=O)Nc2cccc(C(=O)Nc3cc(C(=O)Nc4ccc(S(=O)(=O)O)c5cc(S(=O)(=O)O)cc(S(=O)(=O)O)c45)ccc3C)c2)c1
1177,1141,Cc1ccc(C(=O)c2cc(O)c(O)c([N+](=O)[O-])c2)cc1
1178,1142,Cc1ccc(C(=O)c2ccc(CC(=O)O)n2C)cc1
1179,1143,Cc1ccc(C(C)C)c(O)c1
1180,1144,Cc1ccc(C)c(OCCCC(C)(C)C(=O)O)c1
1181,1145,Cc1ccc(Cl)c(Nc2ccccc2C(=O)O)c1Cl
1182,1146,Cc1ccc(Cl)c(OCC(O)CNC(C)(C)C)c1
1183,1147,Cc1ccc(N(CC2=NCCN2)c2cccc(O)c2)cc1
1184,1148,Cc1ccc(NC(=O)C2(c3ccc4c(c3)OC(F)(F)O4)CC2)nc1-c1cccc(C(=O)O)c1
1185,1149,Cc1ccc(NC(=O)c2ccc(CN3CCN(C)CC3)cc2)cc1Nc1nccc(-c2cccnc2)n1
1186,1150,Cc1ccc(Nc2c(F)cccc2Cl)c(CC(=O)O)c1
1187,1151,Cc1ccc(Nc2nccc(N(C)c3ccc4c(C)n(C)nc4c3)n2)cc1S(N)(=O)=O
1188,1152,Cc1ccc(O)c([C@H](CCN(C(C)C)C(C)C)c2ccccc2)c1
1189,1153,Cc1ccc(S(=O)(=O)NC(=O)NN2CC3CCCC3C2)cc1
1190,1154,Cc1ccc(S(=O)(=O)NC(=O)NN2CCCCCC2)cc1
1191,1155,Cc1ccc(Sc2ccccc2N2CCNCC2)c(C)c1
1192,1156,Cc1ccc([C@@H]2O[C@H](CO)[C@@H](O)[C@H](O)[C@H]2O)cc1Cc1ccc(-c2ccc(F)cc2)s1
1193,1157,Cc1ccc2c(c1)c1c3n2CCNC3CCC1
1194,1158,Cc1cccc(C)c1NC(=O)C1CCCCN1C
1195,1159,Cc1cccc(C)c1OCC(=O)N[C@@H](Cc1ccccc1)[C@@H](O)C[C@H](Cc1ccccc1)NC(=O)[C@H](C(C)C)N1CCCNC1=O
1196,1160,Cc1cccc(C)c1OCC(C)N
1197,1161,Cc1cccc(CN2CCN(C(c3ccccc3)c3ccc(Cl)cc3)CC2)c1
1198,1162,Cc1cccc(N(C)C(=S)Oc2ccc3ccccc3c2)c1
1199,1163,Cc1cccc(N2CC(CO)OC2=O)c1
1200,1164,Cc1cccc(Nc2ccccc2C(=O)O)c1C
1201,1165,Cc1cccc(Nc2ccncc2S(=O)(=O)NC(=O)NC(C)C)c1
1202,1166,Cc1cccc([C@H](C)c2c[nH]cn2)c1C
1203,1167,Cc1ccccc1-c1cc(N2CCN(C)CC2)ncc1N(C)C(=O)C(C)(C)c1cc(C(F)(F)F)cc(C(F)(F)F)c1
1204,1168,Cc1ccccc1C(=O)Nc1ccc(C(=O)N2CCC[C@@H](O)c3cc(Cl)ccc32)c(C)c1
1205,1169,Cc1ccccc1C(OCCN(C)C)c1ccccc1
1206,1170,Cc1ccccc1N1C(=O)c2cc(S(N)(=O)=O)c(Cl)cc2NC1C
1207,1171,Cc1ccccc1N1CCN(CCc2nnc3n2CCCC3)CC1
1208,1172,Cc1cccn2c(=O)c(-c3nn[nH]n3)cnc12
1209,1173,Cc1ccnc(NS(=O)(=O)c2ccc(N)cc2)n1
1210,1174,Cc1ccnc2c1NC(=O)c1cccnc1N2C1CC1
1211,1175,Cc1ccsc1C(=CCCN1CCC[C@@H](C(=O)O)C1)c1sccc1C
1212,1176,Cc1cn(-c2cc(NC(=O)c3ccc(C)c(Nc4nccc(-c5cccnc5)n4)c3)cc(C(F)(F)F)c2)cn1
1213,1177,Cc1cn([C@H]2C=C[C@@H](CO)O2)c(=O)[nH]c1=O
1214,1178,Cc1cn([C@H]2C[C@H](N=[N+]=[N-])[C@@H](CO)O2)c(=O)[nH]c1=O
1215,1179,Cc1cn[nH]c1
1216,1180,Cc1cnc(C(=O)NCCc2ccc(S(=O)(=O)NC(=O)NC3CCCCC3)cc2)cn1
1217,1181,Cc1cnc(C(=O)N[C@H]2CCCCC/C=C\[C@@H]3C[C@@]3(C(=O)NS(=O)(=O)C3CC3)NC(=O)[C@@H]3C[C@@H](Oc4nc5ccccc5c5ccccc45)CN3C2=O)cn1
1218,1182,Cc1cnc(C(=O)O)c[n+]1[O-]
1219,1183,Cc1cnc(NC(=O)C2=C(O)c3ccccc3S(=O)(=O)N2C)s1
1220,1184,Cc1cncc(CN2CCC(=C3c4ccc(Cl)cc4CCc4cccnc43)CC2)c1
1221,1185,Cc1nc(-c2ccc(OCC(C)C)c(C#N)c2)sc1C(=O)O
1222,1186,Cc1nc(=O)c2cc(CN(C)c3ccc(C(=O)N[C@@H](CCC(=O)O)C(=O)O)s3)ccc2[nH]1
1223,1187,Cc1nc(C)c2c(n1)N(Cc1ccc(-c3ccccc3-c3nn[nH]n3)cc1)C(=O)CC2
1224,1188,Cc1nc(NS(=O)(=O)c2ccc(N)cc2)oc1C
1225,1189,Cc1nc(Nc2ncc(C(=O)Nc3c(C)cccc3Cl)s2)cc(N2CCN(CCO)CC2)n1
1226,1190,Cc1nc2c([nH]1)CCN(C(=O)c1ccc(NC(=O)c3ccccc3-c3ccccc3)cc1)c1ccccc1-2
1227,1191,Cc1nc2n(c(=O)c1CCN1CCC(c3noc4cc(F)ccc34)CC1)CCCC2
1228,1192,Cc1nc2n(c(=O)c1CCN1CCC(c3noc4cc(F)ccc34)CC1)CCCC2O
1229,1193,Cc1ncc(CO)c(CO)c1O
1230,1194,Cc1ncc(C[n+]2csc(CCO)c2C)c(N)n1
1231,1195,Cc1ncc([N+](=O)[O-])n1CCO
1232,1196,Cc1ncc2n1-c1ccc(Cl)cc1C(c1ccccc1F)=NC2
1233,1197,Cc1nccn1CC1CCc2c(c3ccccc3n2C)C1=O
1234,1198,Cc1nccn1CCC(C(N)=O)(c1ccccc1)c1ccccc1
1235,1199,Cc1nnc(C(=O)NC(C)(C)c2nc(C(=O)NCc3ccc(F)cc3)c(O)c(=O)n2C)o1
1236,1200,Cc1nnc(C(C)C)n1[C@@H]1C[C@H]2CC[C@@H](C1)N2CC[C@H](NC(=O)C1CCC(F)(F)CC1)c1ccccc1
1237,1201,Cc1nnc(NS(=O)(=O)c2ccc(N)cc2)s1
1238,1202,Cc1nnc(SCC2=C(C(=O)O)N3C(=O)[C@@H](NC(=O)Cn4cnnn4)[C@H]3SC2)s1
1239,1203,Cc1nnc2n1-c1ccc(Cl)cc1C(c1ccccc1)=NC2
1240,1204,Cc1nnc2n1-c1ccc(Cl)cc1C(c1ccccc1Cl)=NC2
1241,1205,Cc1nnc2n1-c1sc(Br)cc1C(c1ccccc1Cl)=NC2
1242,1206,Cc1noc(NS(=O)(=O)c2ccc(N)cc2)c1C
1243,1207,Cc1onc(-c2c(Cl)cccc2Cl)c1C(=O)N[C@@H]1C(=O)N2[C@@H]1SC(C)(C)[C@@H]2C(=O)O
1244,1208,Cc1onc(-c2c(F)cccc2Cl)c1C(=O)N[C@@H]1C(=O)N2[C@@H]1SC(C)(C)[C@@H]2C(=O)O
1245,1209,Cc1onc(-c2ccccc2)c1C(=O)N[C@@H]1C(=O)N2[C@@H]1SC(C)(C)[C@@H]2C(=O)O
1246,1210,Cc1onc(-c2ccccc2Cl)c1C(=O)N[C@@H]1C(=O)N2[C@@H]1SC(C)(C)[C@@H]2C(=O)O
1247,1211,Cc1oncc1C(=O)Nc1ccc(C(F)(F)F)cc1
1248,1212,ClC=C(Cl)Cl
1249,1213,Clc1cc(Cl)c(OCC#CI)cc1Cl
1250,1214,Clc1ccc(C(Cn2ccnc2)OCc2c(Cl)cccc2Cl)c(Cl)c1
1251,1215,Clc1ccc(C(Cn2ccnc2)OCc2ccsc2Cl)c(Cl)c1
1252,1216,Clc1ccc(C(Cn2ccnc2)OCc2csc3c(Cl)cccc23)c(Cl)c1
1253,1217,Clc1ccc(C(c2ccccc2Cl)C(Cl)Cl)cc1
1254,1218,Clc1ccc(CCC(Cn2ccnc2)Sc2c(Cl)cccc2Cl)cc1
1255,1219,Clc1ccc(CO/N=C(\Cn2ccnc2)c2ccc(Cl)cc2Cl)c(Cl)c1
1256,1220,Clc1ccc(COC(Cn2ccnc2)c2ccc(Cl)cc2Cl)c(Cl)c1
1257,1221,Clc1ccc(COC(Cn2ccnc2)c2ccc(Cl)cc2Cl)cc1
1258,1222,Clc1ccc(CSC(Cn2ccnc2)c2ccc(Cl)cc2Cl)cc1
1259,1223,Clc1ccc2c(c1)C(N1CCNCC1)=Nc1ccccc1O2
1260,1224,Clc1ccc2c(c1)C(c1ccccc1)=NCc1nncn1-2
1261,1225,Clc1ccc2c(c1)CCc1cccnc1C2=C1CCNCC1
1262,1226,Clc1ccc2nsnc2c1NC1=NCCN1
1263,1227,Clc1cccc(Cl)c1NC1=NCCN1
1264,1228,Clc1ccccc1C(c1ccccc1)(c1ccccc1)n1ccnc1
1265,1229,Clc1ccccc1CN1CCc2sccc2C1
1266,1230,Cn1c(=O)c2[nH]cnc2n(C)c1=O
1267,1230,Cn1c(=O)c2[nH]cnc2n(C)c1=O.Cn1c(=O)c2[nH]cnc2n(C)c1=O.NCCN
1268,1231,Cn1c(=O)c2c(ncn2C)n(C)c1=O
1269,1232,Cn1c(=O)c2c(ncn2CC(O)CO)n(C)c1=O
1270,1233,Cn1c(=O)c2c(ncn2CC2OCCO2)n(C)c1=O
1271,1234,Cn1c(=O)cc(N2CCC[C@@H](N)C2)n(Cc2ccccc2C#N)c1=O
1272,1235,Cn1c(CCCC(=O)O)nc2cc(N(CCCl)CCCl)ccc21
1273,1236,Cn1cc(C(=O)[C@@H]2CCc3[nH]cnc3C2)c2ccccc21
1274,1237,Cn1cc[nH]c1=S
1275,1238,Cn1cnc([N+](=O)[O-])c1Sc1ncnc2nc[nH]c12
1276,1239,Cn1cnc2c1c(=O)[nH]c(=O)n2C
1277,1240,Cn1nnc(-c2ccc(-c3ccc(N4C[C@H](COP(=O)(O)O)OC4=O)cc3F)cn2)n1
1278,1241,Cn1nnc2c(C(N)=O)ncn2c1=O
1279,1242,Cn1nnnc1SCC1=C(C(=O)O)N2C(=O)[C@@H](NC(=O)[C@H](O)c3ccccc3)[C@H]2SC1
1280,1243,FC(F)(F)C(Cl)Br
1281,1244,FC(F)(F)C(F)(F)C(F)(F)F
1282,1245,FC(F)OC(Cl)C(F)(F)F
1283,1246,FC(F)OC(F)(F)C(F)Cl
1284,1247,FC(F)OC(F)C(F)(F)F
1285,1248,FCOC(C(F)(F)F)C(F)(F)F
1286,1249,Fc1ccc(C(c2ccc(F)cc2)N2CCN(C/C=C/c3ccccc3)CC2)cc1
1287,1250,Fc1ccc([C@@H]2CCNC[C@H]2COc2ccc3c(c2)OCO3)cc1
1288,1251,Fc1ccccc1C1=NCC(=S)N(CC(F)(F)F)c2ccc(Cl)cc21
1289,1252,N#C/C(=C1/SC[C@@H](c2ccc(Cl)cc2Cl)S1)n1ccnc1
1290,1253,N#CC(CCN1CCC(C(=O)O)(c2ccccc2)CC1)(c1ccccc1)c1ccccc1
1291,1254,N#CC[C@H](C1CCCC1)n1cc(-c2ncnc3[nH]ccc23)cn1
1292,1255,N#C[C@@H]1CCCN1C(=O)CNC12CC3CC(CC(O)(C3)C1)C2
1293,1256,N#C[C@@H]1C[C@@H]2C[C@@H]2N1C(=O)[C@@H](N)C12CC3CC(CC(O)(C3)C1)C2
1294,1257,N#C[Fe-2](C#N)(C#N)(C#N)(C#N)N=O
1295,1258,N#Cc1c(N(CC(=O)[O-])CC(=O)[O-])sc(C(=O)[O-])c1CC(=O)[O-].[Sr+2].[Sr+2]
1296,1259,N#Cc1c(N2C[C@@H]3NCCO[C@H]3C2)c(F)cc2c(=O)c(C(=O)O)cn(C3CC3)c12
1297,1260,N#Cc1cc(-c2n[nH]c(-c3ccncc3)n2)ccn1
1298,1261,N#Cc1cc(NC(=O)C(=O)O)c(Cl)c(NC(=O)C(=O)O)c1
1299,1262,N#Cc1ccc(C(c2ccc(C#N)cc2)n2cncn2)cc1
1300,1263,N#Cc1ccc(Oc2ccc3c(c2)COB3O)cc1
1301,1264,N#Cc1ccc2[nH]cc(CCCCN3CCN(c4ccc5oc(C(N)=O)cc5c4)CC3)c2c1
1302,1265,N#Cc1ccc2c(c1)N(CCCN1CCC(O)CC1)c1ccccc1S2
1303,1266,N#Cc1ccccc1-c1cc(-c2ccccn2)cn(-c2ccccc2)c1=O
1304,1267,N->[Pt](<-N)(Cl)Cl
1305,1268,N->[Pt]1(<-N)OC(=O)C2(CCC2)C(=O)O1
1306,1269,N->[Pt]1(<-N)OCC(=O)O1
1307,1270,N=C(N)N1CCc2ccccc2C1
1308,1271,N=C(N)NC(=N)NCCc1ccccc1
1309,1272,N=C(N)NC(=O)Cc1c(Cl)cccc1Cl
1310,1273,N=C(N)NC(=O)c1nc(Cl)c(N)nc1N
1311,1274,N=C(N)NCCC[C@@H](N)C(=O)N[C@@H](CCCNC(=N)N)C(=O)N1CCC[C@H]1C(=O)N1C[C@H](O)C[C@H]1C(=O)NCC(=O)N[C@@H](Cc1cccs1)C(=O)N[C@@H](CO)C(=O)N1Cc2ccccc2C[C@@H]1C(=O)N1[C@H](C(=O)N[C@@H](CCCNC(=N)N)C(=O)O)C[C@@H]2CCCC[C@@H]21
1312,1275,N=C(N)NCCC[C@@H](NC(=O)[C@@H]1CCCN1C(=O)[C@@H]1CSSCCC(=O)N[C@@H](Cc2ccc(O)cc2)C(=O)N[C@@H](Cc2ccccc2)C(=O)N[C@@H](CCC(N)=O)C(=O)N[C@@H](CC(N)=O)C(=O)N1)C(=O)NCC(N)=O
1313,1276,N=C(N)Nc1ccc(C(=O)Oc2ccc3cc(C(=N)N)ccc3c2)cc1
1314,1277,N=C(N)c1ccc(OCCCCCOc2ccc(C(=N)N)cc2)cc1
1315,1278,N=C1CCCN1Cc1[nH]c(=O)[nH]c(=O)c1Cl
1316,1279,N=C1N[C@@H](O)C[C@H]([C@@H]2NC(=O)/C(=C/NC(N)=O)NC(=O)[C@H](CO)NC(=O)[C@H](CO)NC(=O)[C@@H](NC(=O)C[C@@H](N)CCCN)CNC2=O)N1
1317,1280,NC(=O)C(c1ccccc1)(c1ccccc1)[C@@H]1CCN(CCc2ccc3c(c2)CCO3)C1
1318,1281,NC(=O)C1(N2CCCCC2)CCN(CCCC(=O)c2ccc(F)cc2)CC1
1319,1282,NC(=O)CCC/N=C(/c1ccc(Cl)cc1)c1cc(F)ccc1O
1320,1283,NC(=O)CC[C@H](N)C(=O)O
1321,1284,NC(=O)CN1CCCC1=O
1322,1285,NC(=O)CS(=O)C(c1ccccc1)c1ccccc1
1323,1285,NC(=O)C[S@@](=O)C(c1ccccc1)c1ccccc1
1324,1286,NC(=O)Cc1cccc(C(=O)c2ccccc2)c1N
1325,1287,NC(=O)N/N=C/c1ccc([N+](=O)[O-])o1
1326,1288,NC(=O)N1c2ccccc2C=Cc2ccccc21
1327,1289,NC(=O)N1c2ccccc2CC(=O)c2ccccc21
1328,1290,NC(=O)NC(=O)Cc1ccccc1
1329,1291,NC(=O)NO
1330,1292,NC(=O)OCC(COC(N)=O)c1ccccc1
1331,1293,NC(=O)[C@@H]1CC[C@@H]2CN1C(=O)N2OS(=O)(=O)O
1332,1294,NC(=O)c1cccc2cn(-c3ccc([C@@H]4CCCNC4)cc3)nc12
1333,1295,NC(=O)c1ccccc1O
1334,1296,NC(=O)c1cccnc1
1335,1297,NC(=O)c1cn(Cc2c(F)cccc2F)nn1
1336,1298,NC(=O)c1cnccn1
1337,1299,NC(=O)c1ncn([C@@H]2O[C@H](CO)[C@@H](O)[C@H]2O)n1
1338,1300,NC(CO)(CO)CO
1339,1301,NC(N)=NCC1COC2(CCCCC2)O1
1340,1302,NC(N)=NCCN1CCCCCCC1
1341,1303,NC(N)=NCc1cccc(I)c1
1342,1304,NC(N)=NN=Cc1c(Cl)cccc1Cl
1343,1305,NC(N)=Nc1nc(CSCCC(N)=NS(N)(=O)=O)cs1
1344,1306,NC12CC3CC(CC(C3)C1)C2
1345,1307,NC1=NCC2c3ccccc3Cc3ccccc3N12
1346,1308,NC1CC1c1ccccc1
1347,1309,NCC(=O)CCC(=O)O
1348,1310,NCC(CC(=O)O)c1ccc(Cl)cc1
1349,1311,NCC1(CC(=O)O)CCCCC1
1350,1312,NCCC(=O)N1[Zn]OC(=O)[C@@H]1Cc1cnc[nH]1
1351,1313,NCCC(O)(P(=O)(O)O)P(=O)(O)O
1352,1314,NCCCC(N)(C(=O)O)C(F)F
1353,1315,NCCCC(O)(P(=O)(O)O)P(=O)(O)O
1354,1316,NCCCCCC(=O)O
1355,1317,NCCCC[C@@H]1NC(=O)[C@@H](Cc2c[nH]c3ccccc23)NC(=O)[C@H](c2ccccc2)NC(=O)[C@@H]2C[C@@H](OC(=O)NCCN)CN2C(=O)[C@H](Cc2ccccc2)NC(=O)[C@H](Cc2ccc(OCc3ccccc3)cc2)NC1=O
1356,1318,NCCCC[C@H](NC(=O)[C@@H]1CCCN1C(=O)[C@@H]1CSSC[C@H](NC(=O)CNC(=O)CNC(=O)CN)C(=O)N[C@@H](Cc2ccc(O)cc2)C(=O)N[C@@H](Cc2ccccc2)C(=O)N[C@@H](CCC(N)=O)C(=O)N[C@@H](CC(N)=O)C(=O)N1)C(=O)NCC(N)=O
1357,1319,NCCCC[C@H](N[C@@H](CCc1ccccc1)C(=O)O)C(=O)N1CCC[C@H]1C(=O)O
1358,1320,NCCCNCCSP(=O)(O)O
1359,1321,NCCNCCNCCN
1360,1322,NCCNc1ccc(NCCN)c2c1C(=O)c1ccncc1C2=O
1361,1323,NCCS
1362,1324,NCC[C@@H](O)[C@H](N)CC(=O)N[C@H]1CNC(=O)[C@H]([C@H]2CCN=C(N)N2)NC(=O)/C(=C/NC(N)=O)NC(=O)[C@H](CO)NC(=O)[C@H](CO)NC1=O
1363,1325,NCC[C@H](O)C(=O)N[C@@H]1C[C@H](N)[C@@H](O[C@H]2O[C@H](CN)CC[C@H]2N)[C@H](O)[C@H]1O[C@H]1O[C@H](CO)[C@@H](O)[C@H](N)[C@H]1O
1364,1326,NCC[C@H](O)C(=O)N[C@@H]1C[C@H](N)[C@@H](O[C@H]2O[C@H](CN)[C@@H](O)[C@H](O)[C@H]2O)[C@H](O)[C@H]1O[C@H]1O[C@H](CO)[C@@H](O)[C@H](N)[C@H]1O
1365,1327,NCCc1c[nH]cn1
1366,1328,NCCc1ccc(O)c(O)c1
1367,1329,NC[C@@H]1O[C@H](O[C@H]2[C@@H](O)[C@H](O[C@@H]3[C@@H](O)[C@H](N)C[C@H](N)[C@H]3O[C@H]3O[C@H](CN)[C@@H](O)[C@H](O)[C@H]3N)O[C@@H]2CO)[C@H](N)[C@@H](O)[C@@H]1O
1368,1330,NC[C@@H]1O[C@H](O[C@H]2[C@@H](O)[C@H](O[C@@H]3[C@@H](O)[C@H](N)C[C@H](N)[C@H]3O[C@H]3O[C@H](CO)[C@@H](O)[C@H](O)[C@H]3N)O[C@@H]2CO)[C@H](N)[C@@H](O)[C@@H]1O
1369,1331,NC[C@H](O)c1ccc(O)c(O)c1
1370,1332,NC[C@H]1CC[C@H](C(=O)O)CC1
1371,1333,NC[C@H]1O[C@H](O[C@H]2[C@H](O)[C@@H](O[C@H]3O[C@H](CO)[C@@H](O)[C@H](N)[C@H]3O)[C@H](N)C[C@@H]2N)[C@H](N)C[C@@H]1O
1372,1334,NC[C@H]1O[C@H](O[C@H]2[C@H](O)[C@@H](O[C@H]3O[C@H](CO)[C@@H](O)[C@H](N)[C@H]3O)[C@H](N)C[C@@H]2N)[C@H](O)[C@@H](O)[C@@H]1O
1373,1335,NC[C@H]1O[C@H](O[C@H]2[C@H](O[C@@H]3O[C@H](CO)[C@@H](O)[C@H]3O)[C@@H](O)[C@H](N)C[C@@H]2N)[C@H](N)[C@@H](O)[C@@H]1O
1374,1336,NCc1ccc(S(N)(=O)=O)cc1
1375,1337,NCc1ccccc1CC(=O)N[C@@H]1C(=O)N2C(C(=O)O)=C(CSc3nnnn3CC(=O)O)CS[C@H]12
1376,1338,NNC(=O)c1ccncc1
1377,1339,NNCCc1ccccc1
1378,1340,NNc1nncc2ccccc12
1379,1341,NS(=O)(=O)Cc1noc2ccccc12
1380,1342,NS(=O)(=O)c1cc(C(=O)O)c(NCc2ccco2)cc1Cl
1381,1343,NS(=O)(=O)c1cc(C2(O)NC(=O)c3ccccc32)ccc1Cl
1382,1344,NS(=O)(=O)c1cc(Cl)c(Cl)c(S(N)(=O)=O)c1
1383,1345,NS(=O)(=O)c1cc2c(cc1C(F)(F)F)NC(Cc1ccccc1)NS2(=O)=O
1384,1346,NS(=O)(=O)c1cc2c(cc1C(F)(F)F)NCNS2(=O)=O
1385,1347,NS(=O)(=O)c1cc2c(cc1Cl)N=C(CSCc1ccccc1)NS2(=O)=O
1386,1348,NS(=O)(=O)c1cc2c(cc1Cl)NC(C(Cl)Cl)NS2(=O)=O
1387,1349,NS(=O)(=O)c1cc2c(cc1Cl)NC(C1CC3C=CC1C3)NS2(=O)=O
1388,1350,NS(=O)(=O)c1cc2c(cc1Cl)NC=NS2(=O)=O
1389,1351,NS(=O)(=O)c1cc2c(cc1Cl)NCNS2(=O)=O
1390,1352,N[C@@H](C(=O)N[C@@H]1C(=O)N2C(C(=O)O)=C(Cl)CS[C@H]12)c1ccccc1
1391,1353,N[C@@H](CC(=O)N1CCn2c(nnc2C(F)(F)F)C1)Cc1cc(F)c(F)cc1F
1392,1354,N[C@@H](CCC(=O)O)C(=O)O
1393,1355,N[C@@H](CSCC(=O)O)C(=O)O
1394,1356,N[C@@H](Cc1c[nH]c2ccc(O)cc12)C(=O)O
1395,1357,N[C@@H](Cc1c[nH]c2ccccc12)C(=O)O
1396,1358,N[C@@H](Cc1cc(I)c(Oc2cc(I)c(O)c(I)c2)c(I)c1)C(=O)O
1397,1358,N[C@@H](Cc1cc(I)c(Oc2cc(I)c(O)c(I)c2)c(I)c1)C(=O)[O-].N[C@@H](Cc1cc(I)c(Oc2ccc(O)c(I)c2)c(I)c1)C(=O)[O-].[Na+].[Na+]
1398,1359,N[C@@H](Cc1cc(I)c(Oc2ccc(O)c(I)c2)c(I)c1)C(=O)O
1399,1360,N[C@@H](Cc1ccc(N(CCCl)CCCl)cc1)C(=O)O
1400,1361,N[C@@H](Cc1ccc(O)c(O)c1)C(=O)O
1401,1362,N[C@@H](Cc1ccccc1)C(=O)O
1402,1363,N[C@@H]1CCCCN(c2c(F)cc3c(=O)c(C(=O)O)cn(C4CC4)c3c2Cl)C1
1403,1364,N[C@@H]1CONC1=O
1404,1365,N[C@@H]1[C@H]2CN(c3nc4c(cc3F)c(=O)c(C(=O)O)cn4-c3ccc(F)cc3F)C[C@@H]12
1405,1366,N[C@H](C(=O)O)[C@H](O)c1ccc(O)c(O)c1
1406,1367,N[C@H]1C(O)O[C@H](CO)[C@@H](O)[C@@H]1O
1407,1368,N[C@]1(C(=O)O)C[C@@H]([18F])C1
1408,1369,Nc1[nH]c(=O)ncc1F
1409,1370,Nc1c(Br)cc(Br)cc1CN[C@H]1CC[C@H](O)CC1
1410,1371,Nc1c(CC(=O)O)cccc1C(=O)c1ccc(Br)cc1
1411,1372,Nc1cc(-c2ccncc2)c[nH]c1=O
1412,1373,Nc1cc(Cl)c(NC2=NCCN2)c(Cl)c1
1413,1374,Nc1cc(N2CCCCC2)nc(N)[n+]1[O-]
1414,1375,Nc1ccc(/N=N/c2ccccc2)c(N)n1
1415,1376,Nc1ccc(C(=O)NCC(=O)O)cc1
1416,1377,Nc1ccc(C(=O)O)c(O)c1
1417,1378,Nc1ccc(O)c(C(=O)O)c1
1418,1379,Nc1ccc(S(=O)(=O)Nc2ccccn2)cc1
1419,1380,Nc1ccc(S(=O)(=O)Nc2ccnn2-c2ccccc2)cc1
1420,1381,Nc1ccc(S(=O)(=O)Nc2ncccn2)cc1
1421,1382,Nc1ccc(S(=O)(=O)Nc2nccs2)cc1
1422,1381,Nc1ccc(S(=O)(=O)[N-]c2ncccn2)cc1.[Ag+]
1423,1383,Nc1ccc(S(=O)(=O)c2ccc(N)cc2)cc1
1424,1384,Nc1ccc(S(N)(=O)=O)cc1
1425,1385,Nc1cccc2c1C(=O)N(C1CCC(=O)NC1=O)C2=O
1426,1386,Nc1cccc2c1CN(C1CCC(=O)NC1=O)C2=O
1427,1387,Nc1ccn(C[C@@H](CO)OCP(=O)(O)O)c(=O)n1
1428,1388,Nc1ccn([C@@H]2CS[C@H](CO)O2)c(=O)n1
1429,1389,Nc1ccn([C@@H]2O[C@H](CO)[C@@H](O)C2(F)F)c(=O)n1
1430,1390,Nc1ccn([C@@H]2O[C@H](CO)[C@@H](O)[C@@H]2O)c(=O)n1
1431,1391,Nc1ccn([C@H]2CC[C@@H](CO)O2)c(=O)n1
1432,1392,Nc1ccncc1
1433,1393,Nc1nc(-n2cc(C(=O)O)c(=O)c3cc(F)c(N4CC(O)C4)c(Cl)c32)c(F)cc1F
1434,1394,Nc1nc(/C(=C/CC(=O)O)C(=O)N[C@@H]2C(=O)N3C(C(=O)O)=CCS[C@H]23)cs1
1435,1395,Nc1nc(/C(=N/O)C(=O)N[C@@H]2C(=O)N3C(C(=O)O)=C(/C=C4\CCN([C@@H]5CCNC5)C4=O)CS[C@H]23)ns1
1436,1396,Nc1nc(=O)c2c(CCc3ccc(C(=O)N[C@@H](CCC(=O)O)C(=O)O)cc3)c[nH]c2[nH]1
1437,1397,Nc1nc(=O)c2c([nH]1)NC[C@H](CNc1ccc(C(=O)N[C@@H](CCC(=O)O)C(=O)O)cc1)N2C=O
1438,1398,Nc1nc(=O)c2nc(CNc3ccc(C(=O)N[C@@H](CCC(=O)O)C(=O)O)cc3)cnc2[nH]1
1439,1399,Nc1nc(=O)c2ncn(COCCO)c2[nH]1
1440,1400,Nc1nc(=O)n([C@@H]2CS[C@H](CO)O2)cc1F
1441,1401,Nc1nc(=S)c2[nH]cnc2[nH]1
1442,1402,Nc1nc(CC(=O)Nc2ccc(CCNC[C@H](O)c3ccccc3)cc2)cs1
1443,1403,Nc1nc(Cl)nc2c1ncn2[C@@H]1O[C@H](CO)[C@@H](O)[C@@H]1F
1444,1404,Nc1nc(Cl)nc2c1ncn2[C@H]1C[C@H](O)[C@@H](CO)O1
1445,1405,Nc1nc(F)nc2c1ncn2[C@@H]1O[C@H](CO)[C@@H](O)[C@@H]1O
1446,1406,Nc1nc(N)c2nc(-c3ccccc3)c(N)nc2n1
1447,1407,Nc1nc(NC2CC2)c2ncn([C@H]3C=C[C@@H](CO)C3)c2n1
1448,1408,Nc1nc2c(c(=O)[nH]1)N(C=O)C(CNc1ccc(C(=O)N[C@@H](CCC(=O)O)C(=O)O)cc1)CN2
1449,1409,Nc1nc2c(ncn2COC(CO)CO)c(=O)[nH]1
1450,1410,Nc1nc2ccc(OC(F)(F)F)cc2s1
1451,1411,Nc1ncn([C@@H]2O[C@H](CO)[C@@H](O)[C@H]2O)c(=O)n1
1452,1412,Nc1ncn([C@H]2C[C@H](O)[C@@H](CO)O2)c(=O)n1
1453,1413,Nc1ncnc2c1ncn2[C@@H]1O[C@H](CO)[C@@H](O)[C@H]1O
1454,1414,Nc1nnc(-c2cccc(Cl)c2Cl)c(N)n1
1455,1415,O.O.O.O.O.O.O.O.O.O=C([O-])[C@@H]1O[Sb]2([O-])(O[Sb]34(O)O[C@H]([C@H](O)CO)[C@H](O3)[C@H](C(=O)[O-])O4)O[C@H]([C@H](O)CO)[C@@H]1O2.[Na+].[Na+].[Na+]
1456,1416,O.O.O.OC[C@H]1O[C@@](CO)(O[C@H]2O[C@H](CO)[C@@H](O)[C@H](O)[C@H]2O)[C@@H](O)[C@@H]1O.[Fe+3].[Fe+3].[Fe+3].[Fe+3].[Fe+3].[Na+].[Na+].[O-2].[O-2].[O-2].[O-2].[O-2].[O-2].[O-2].[O-2].[OH-]
1457,1417,O.O.O=P([O-])([O-])CP(=O)([O-])[O-].[98Tc+4]
1458,1418,O.O.[Al+3].[Al+3].[O-][Si]([O-])([O-])O[Si]([O-])([O-])[O-]
1459,1419,O.O=S(=O)(OC[C@H]1O[C@@](COS(=O)(=O)O[Al](O)O)(O[C@H]2O[C@H](COS(=O)(=O)O[Al](O)O)[C@@H](OS(=O)(=O)O[Al](O)O)[C@H](OS(=O)(=O)O[Al](O)O)[C@H]2OS(=O)(=O)O[Al](O)O)[C@@H](OS(=O)(=O)O[Al](O)O)[C@@H]1OS(=O)(=O)O[Al](O)O)O[Al](O)O.O[Al](O)O
1460,1420,O.O=S(=O)([O-])[O-].O=S(=O)([O-])[O-].[Al+3].[Al+3].[Al+3].[Al+3].[Al+3].[Mg+2].[Mg+2].[Mg+2].[Mg+2].[Mg+2].[Mg+2].[Mg+2].[Mg+2].[Mg+2].[Mg+2].[OH-].[OH-].[OH-].[OH-].[OH-].[OH-].[OH-].[OH-].[OH-].[OH-].[OH-].[OH-].[OH-].[OH-].[OH-].[OH-].[OH-].[OH-].[OH-].[OH-].[OH-].[OH-].[OH-].[OH-].[OH-].[OH-].[OH-].[OH-].[OH-].[OH-].[OH-]
1461,1421,O.[Al+3].[Al+3].[Mg+2].[O-][Si]([O-])([O-])[O-].[O-][Si]([O-])([O-])[O-]
1462,1422,O=C(/C=C/c1cccc(S(=O)(=O)Nc2ccccc2)c1)NO
1463,1423,O=C(C1CCCCC1)N1CC(=O)N2CCc3ccccc3C2C1
1464,1424,O=C(CCBr)N1CCN(C(=O)CCBr)CC1
1465,1425,O=C(CCC/C=C\C[C@@H]1[C@@H](CC[C@@H](O)CCc2ccccc2)[C@H](O)C[C@@H]1O)OCCCCO[N+](=O)[O-]
1466,1426,O=C(CCCCC(=O)Nc1c(I)cc(I)c(C(=O)O)c1I)Nc1c(I)cc(I)c(C(=O)O)c1I
1467,1427,O=C(CCCCCCC(=O)Nc1ccccc1)NO
1468,1428,O=C(CCCN1CC=C(n2c(=O)[nH]c3ccccc32)CC1)c1ccc(F)cc1
1469,1429,O=C(CCCN1CCC(O)(c2ccc(Cl)cc2)CC1)c1ccc(F)cc1
1470,1430,O=C(CCCc1ccccc1)OCC(COC(=O)CCCc1ccccc1)OC(=O)CCCc1ccccc1
1471,1431,O=C(Cc1cccs1)N[C@@H]1C(=O)N2C(C(=O)[O-])=C(C[n+]3ccccc3)CS[C@H]12
1472,1432,O=C(Cn1ccnc1[N+](=O)[O-])NCc1ccccc1
1473,1433,O=C(NC1CCN(CCCCC2(C(=O)NCC(F)(F)F)c3ccccc3-c3ccccc32)CC1)c1ccccc1-c1ccc(C(F)(F)F)cc1
1474,1434,O=C(NCC(O)CO)c1c(I)c(C(=O)NCC(O)CO)c(I)c(N(CCO)C(=O)CO)c1I
1475,1435,O=C(NCC1CCCCN1)c1cc(OCC(F)(F)F)ccc1OCC(F)(F)F
1476,1436,O=C(NCCN1CCOCC1)c1ccc(Cl)cc1
1477,1437,O=C(NCCO[N+](=O)[O-])c1cccnc1
1478,1438,O=C(NC[C@H]1CN(c2ccc(N3CCOCC3=O)cc2)C(=O)O1)c1ccc(Cl)s1
1479,1439,O=C(N[C@H](CO)[C@H](O)c1ccc([N+](=O)[O-])cc1)C(Cl)Cl
1480,1440,O=C(Nc1c(Cl)cncc1Cl)c1ccc(OC(F)F)c(OCC2CC2)c1
1481,1441,O=C(Nc1ccc([N+](=O)[O-])cc1Cl)c1cc(Cl)ccc1O
1482,1442,O=C(Nc1cccc2c(=O)cc(-c3nn[nH]n3)oc12)c1ccc(OCCCCc2ccccc2)cc1
1483,1443,O=C(O)C1=C(CSc2nnnn2CS(=O)(=O)O)CS[C@@H]2[C@H](NC(=O)[C@H](O)c3ccccc3)C(=O)N12
1484,1444,O=C(O)C1N=C(c2ccccc2)c2cc(Cl)ccc2NC1=O
1485,1445,O=C(O)CC(O)(CC(=O)O)C(=O)O
1486,1446,O=C(O)CCC(=O)c1ccc(-c2ccccc2)cc1
1487,1447,O=C(O)CCCCCCCC(=O)O
1488,1448,O=C(O)CCCCO/N=C(/c1cccnc1)c1cccc(C(F)(F)F)c1
1489,1449,O=C(O)CCCC[C@@H]1CCSS1
1490,1450,O=C(O)CCCO
1491,1451,O=C(O)CCCc1ccc(N(CCCl)CCCl)cc1
1492,1452,O=C(O)CCCc1ccccc1
1493,1453,O=C(O)CCNC(=O)c1ccc(/N=N/c2ccc(O)c(C(=O)O)c2)cc1
1494,1454,O=C(O)CCSC[C@H]1O[C@@H]2O[C@H]3[C@H](O)[C@@H](O)[C@@H](O[C@H]4[C@H](O)[C@@H](O)[C@@H](O[C@H]5[C@H](O)[C@@H](O)[C@@H](O[C@H]6[C@H](O)[C@@H](O)[C@@H](O[C@H]7[C@H](O)[C@@H](O)[C@@H](O[C@H]8[C@H](O)[C@@H](O)[C@@H](O[C@H]9[C@H](O)[C@@H](O)[C@@H](O[C@H]1[C@H](O)[C@H]2O)O[C@@H]9CSCCC(=O)O)O[C@@H]8CSCCC(=O)O)O[C@@H]7CSCCC(=O)O)O[C@@H]6CSCCC(=O)O)O[C@@H]5CSCCC(=O)O)O[C@@H]4CSCCC(=O)O)O[C@@H]3CSCCC(=O)O
1495,1455,O=C(O)CCc1nc(-c2ccccc2)c(-c2ccccc2)o1
1496,1456,O=C(O)CN(CCN(CC(=O)O)CC(=O)O)CC(=O)O
1497,1457,O=C(O)COC(=O)Cc1ccccc1Nc1c(Cl)cccc1Cl
1498,1458,O=C(O)COCCN1CCN(C(c2ccccc2)c2ccc(Cl)cc2)CC1
1499,1458,O=C(O)COCCN1CCN([C@H](c2ccccc2)c2ccc(Cl)cc2)CC1
1500,1459,O=C(O)CSc1nnc(Br)n1-c1ccc(C2CC2)c2ccccc12
1501,1460,O=C(O)C[C@H](O)C[C@H](O)/C=C/c1c(C2CC2)nc2ccccc2c1-c1ccc(F)cc1
1502,1461,O=C(O)Cc1ccccc1
1503,1462,O=C(O)Cc1ccccc1Nc1c(Cl)cccc1Cl
1504,1463,O=C(O)P(=O)(O)O
1505,1464,O=C(O)[C@H](CC(=O)N1C[C@H]2CCCC[C@H]2C1)Cc1ccccc1
1506,1465,O=C(O)[C@H]1/C(=C/CO)O[C@@H]2CC(=O)N21
1507,1466,O=C(O)c1cc(-c2ccc(F)cc2F)ccc1O
1508,1467,O=C(O)c1cc(/N=N/c2ccc(O)c(C(=O)O)c2)ccc1O
1509,1468,O=C(O)c1cc(/N=N/c2ccc(S(=O)(=O)Nc3ccccn3)cc2)ccc1O
1510,1469,O=C(O)c1ccc(-n2nc(-c3ccccc3O)nc2-c2ccccc2O)cc1
1511,1470,O=C(O)c1ccccc1
1512,1471,O=C(O)c1ccccc1O
1513,1472,O=C(O)c1ccccc1O.OCCN(CCO)CCO
1514,1473,O=C(O)c1cccnc1
1515,1474,O=C(O)c1cccnc1Nc1cccc(C(F)(F)F)c1
1516,1475,O=C(O)c1cn(C2CC2)c2cc(N3CCNCC3)c(F)cc2c1=O
1517,1476,O=C(OCC(O)CO)c1ccccc1Nc1ccnc2c(C(F)(F)F)cccc12
1518,1477,O=C(OCCN1CCOCC1)c1cccnc1Nc1cccc(C(F)(F)F)c1
1519,1478,O=C(OCCOCCN1CCCCC1)N1c2ccccc2Sc2cccnc21
1520,1479,O=C(OCCOCCO)c1ccccc1Nc1cccc(C(F)(F)F)c1
1521,1480,O=C(OOC(=O)c1ccccc1)c1ccccc1
1522,1481,O=C(O[C@@H]1C[C@@H]2C[C@H]3C[C@H](C1)N2CC3=O)c1c[nH]c2ccccc12
1523,1482,O=C(O[C@H]1CN2CCC1CC2)N1CCc2ccccc2[C@@H]1c1ccccc1
1524,1483,O=C(O[C@H]1C[C@H]2CC[C@@H](C1)[N+]21CCCC1)C(O)(c1ccccc1)c1ccccc1
1525,1484,O=C(O[C@H]1C[N+]2(CCCOc3ccccc3)CCC1CC2)C(O)(c1cccs1)c1cccs1
1526,1485,O=C(O[Ca]OC(=O)[C@H](O)[C@@H](O)[C@H](O[C@@H]1O[C@H](CO)[C@H](O)[C@H](O)[C@H]1O)[C@H](O)CO)[C@H](O)[C@@H](O)[C@H](O)[C@H](O)CO
1527,1486,O=C(Oc1ccccc1C(=O)O)c1ccccc1O
1528,1487,O=C([O-])C(O)[C@H](O)[C@@H](O)[C@H](O)[C@H](O)CO.O=C([O-])C(O)[C@H](O)[C@@H](O)[C@H](O)[C@H](O)CO.[Ca+2]
1529,1445,O=C([O-])CC(O)(CC(=O)[O-])C(=O)[O-].O=C([O-])CC(O)(CC(=O)[O-])C(=O)[O-].[Ca+2].[Ca+2].[Ca+2]
1530,1445,O=C([O-])CC(O)(CC(=O)[O-])C(=O)[O-].[Fe+3]
1531,1445,O=C([O-])CC(O)(CC(=O)[O-])C(=O)[O-].[K+].[K+].[K+]
1532,1445,O=C([O-])CC(O)(CC(=O)[O-])C(=O)[O-].[Na+].[Na+].[Na+]
1533,1488,O=C([O-])CC(S[Au])C(=O)[O-].[Na+].[Na+]
1534,1445,O=C([O-])CC([O-])(CC(=O)[O-])C(=O)[O-].O=C([O-])CC([O-])(CC(=O)[O-])C(=O)[O-].[Bi+3].[K+].[K+].[K+].[K+].[K+]
1535,1450,O=C([O-])CCCO.[Na+]
1536,1489,O=C([O-])CN(CCN(CC(=O)[O-])CC(=O)[O-])CCN(CC(=O)O)C(COCc1ccccc1)C(=O)O.[Gd+3]
1537,1490,O=C([O-])O.[Na+]
1538,1491,O=C([O-])[C@H](O)[C@@H](O)[C@H](O)[C@H](O)CO.O=C([O-])[C@H](O)[C@@H](O)[C@H](O)[C@H](O)CO.[Ca+2]
1539,1490,O=C([O-])[O-].O=C([O-])[O-].O=C([O-])[O-].[La+3].[La+3]
1540,1490,O=C([O-])[O-].[Ca+2]
1541,1471,O=C([O-])c1ccccc1O.O=C([O-])c1ccccc1O.[Mg+2]
1542,1492,O=C(c1cc(Cc2n[nH]c(=O)c3ccccc23)ccc1F)N1CCN(C(=O)C2CC2)CC1
1543,1493,O=C(c1ccc(F)c(F)c1Nc1ccc(I)cc1F)N1CC(O)([C@@H]2CCCCN2)C1
1544,1494,O=C(c1ccc(OCCN2CCCCC2)cc1)c1c(-c2ccc(O)cc2)sc2cc(O)ccc12
1545,1495,O=C(c1ccccc1)c1ccc2n1CCC2C(=O)O
1546,1496,O=C(c1ccccc1)c1ccccc1
1547,1497,O=C1C(CCS(=O)c2ccccc2)C(=O)N(c2ccccc2)N1c1ccccc1
1548,1498,O=C1C(O)=C([C@H]2CC[C@H](c3ccc(Cl)cc3)CC2)C(=O)c2ccccc21
1549,1499,O=C1CC2(CCCC2)CC(=O)N1CCCCN1CCN(c2ncccn2)CC1
1550,1500,O=C1CCC(N2C(=O)c3ccccc3C2=O)C(=O)N1
1551,1501,O=C1CC[C@@]2(O)[C@H]3Cc4ccc(O)c5c4[C@@]2(CCN3CC2CC2)[C@H]1O5
1552,1502,O=C1CCc2cc(OCCCCc3nnnn3C3CCCCC3)ccc2N1
1553,1503,O=C1CCc2ccc(OCCCCN3CCN(c4cccc(Cl)c4Cl)CC3)cc2N1
1554,1504,O=C1CN(/N=C/c2ccc(-c3ccc([N+](=O)[O-])cc3)o2)C(=O)N1
1555,1505,O=C1CN(/N=C/c2ccc([N+](=O)[O-])o2)C(=O)N1
1556,1506,O=C1CN2CCOC2(c2ccccc2Cl)c2cc(Cl)ccc2N1
1557,1507,O=C1CN2Cc3c(ccc(Cl)c3Cl)N=C2N1
1558,1508,O=C1CN=C(c2ccccc2)c2cc(Cl)ccc2N1CC(F)(F)F
1559,1509,O=C1CN=C(c2ccccc2)c2cc(Cl)ccc2N1CC1CC1
1560,1510,O=C1CN=C(c2ccccc2)c2cc([N+](=O)[O-])ccc2N1
1561,1511,O=C1CN=C(c2ccccc2Cl)c2cc(Cl)ccc2N1
1562,1512,O=C1CN=C(c2ccccc2Cl)c2cc([N+](=O)[O-])ccc2N1
1563,1513,O=C1CN=C(c2ccccn2)c2cc(Br)ccc2N1
1564,1514,O=C1Cc2cc(CCN3CCN(c4nsc5ccccc45)CC3)c(Cl)cc2N1
1565,1515,O=C1N(Cc2ccccc2)C2C[S+]3CCCC3C2N1Cc1ccccc1
1566,1516,O=C1NC(=O)C(c2ccccc2)(c2ccccc2)N1
1567,1517,O=C1NC(c2ccccc2)(c2ccccc2)C(=O)N1COP(=O)(O)O
1568,1518,O=C1NCCN1CCN1CCC(c2cn(-c3ccc(F)cc3)c3ccc(Cl)cc23)CC1
1569,1519,O=C1NCN(c2ccccc2)C12CCN(CCCC(c1ccc(F)cc1)c1ccc(F)cc1)CC2
1570,1520,O=C1Nc2ccc(Cl)cc2C(c2ccccc2)=NC1O
1571,1521,O=C1Nc2ccc(Cl)cc2C(c2ccccc2Cl)=NC1O
1572,1522,O=C1Nc2ccc(Cl)cc2[C@@](C#CC2CC2)(C(F)(F)F)O1
1573,1523,O=C1OC(OC(=O)c2cccnc2Nc2cccc(C(F)(F)F)c2)c2ccccc21
1574,1524,O=C1OCCN1N=Cc1ccc([N+](=O)[O-])o1
1575,1525,O=C1O[Bi](O)Oc2ccccc21
1576,1526,O=C1O[C@H]([C@@H](O)CO)C(O)=C1O
1577,1527,O=C1O[Pt]2(<-N[C@@H]3CCCC[C@H]3N->2)OC1=O
1578,1528,O=C1[C@@H]2[C@H]3CC[C@H](C3)[C@@H]2C(=O)N1C[C@@H]1CCCC[C@H]1CN1CCN(c2nsc3ccccc23)CC1
1579,1529,O=C1[C@H](CC[C@H](O)c2ccc(F)cc2)[C@@H](c2ccc(O)cc2)N1c1ccc(F)cc1
1580,1530,O=C1[C@H]2CCCC[C@H]2C(=O)N1CCCCN1CCN(c2nsc3ccccc23)CC1
1581,1531,O=C1c2c(O)ccc(O)c2C(=O)c2c(NCCNCCO)ccc(NCCNCCO)c21
1582,1532,O=C1c2cccc3c2[C@H](CCC3)CN1[C@@H]1CN2CCC1CC2
1583,1533,O=C1c2ccccc2C(=O)C1c1ccccc1
1584,1534,O=Cc1ccc(O)c(O)c1
1585,1535,O=NN(CCCl)C(=O)NC1CCCCC1
1586,1536,O=NN(CCCl)C(=O)NCCCl
1587,1537,O=NO
1588,1538,O=P(O)(O)C(Cl)(Cl)P(=O)(O)O
1589,1539,O=P(O)(O)C(O)(Cc1cccnc1)P(=O)(O)O
1590,1540,O=P(O)(O)C(O)(Cn1ccnc1)P(=O)(O)O
1591,1541,O=P(O)(O)C(Sc1ccc(Cl)cc1)P(=O)(O)O
1592,1542,O=P([O-])(O)O.[Na+]
1593,1542,O=P([O-])([O-])O.[K+].[K+]
1594,1543,O=P([O-])([O-])OCC(O)CO.[Na+].[Na+]
1595,1544,O=P([O-])([O-])OP(=O)([O-])[O-].O=P([O-])([O-])OP(=O)([O-])[O-].O=P([O-])([O-])OP(=O)([O-])[O-].[Fe+3].[Fe+3].[Fe+3].[Fe+3]
1596,1542,O=P([O-])([O-])[O-].O=P([O-])([O-])[O-].[Ca+2].[Ca+2].[Ca+2]
1597,1545,O=P1(N(CCCl)CCCl)NCCCO1
1598,1546,O=P1(NCCCl)OCCCN1CCCl
1599,1547,O=S(=O)(O)O[C@@H]1[C@@H](OS(=O)(=O)O)[C@H](O[C@@H]2CO[C@@H](O)[C@H](OS(=O)(=O)O)[C@H]2OS(=O)(=O)O)OC[C@H]1O
1600,1548,O=S(=O)(O)Oc1ccc(C(c2ccc(OS(=O)(=O)O)cc2)c2ccccn2)cc1
1601,1420,O=S(=O)([O-])[O-].O=S(=O)([O-])[O-].O=S(=O)([O-])[O-].[Al+3].[Al+3]
1602,1420,O=S(=O)([O-])[O-].O=S(=O)([O-])[O-].[Al+3].[K+]
1603,1420,O=S(=O)([O-])[O-].[Mg+2]
1604,1420,O=S(=O)([O-])[O-].[Zn+2]
1605,1549,O=S(O)(O)=S
1606,1550,O=[As]O[As]=O
1607,1551,O=[N+]([O-])OCC(CO[N+](=O)[O-])(CO[N+](=O)[O-])CO[N+](=O)[O-]
1608,1552,O=[N+]([O-])OCC(CO[N+](=O)[O-])O[N+](=O)[O-]
1609,1553,O=[N+]([O-])OC[C@H](O[N+](=O)[O-])[C@@H](CO[N+](=O)[O-])O[N+](=O)[O-]
1610,1554,O=[N+]([O-])O[C@@H]1CO[C@H]2[C@@H]1OC[C@@H]2O
1611,1555,O=[N+]([O-])O[C@H]1CO[C@H]2[C@@H]1OC[C@H]2O[N+](=O)[O-]
1612,1556,O=[N+]([O-])[O-].O=[N+]([O-])[O-].O=[N+]([O-])[O-].[Ga+3]
1613,1557,O=[N+]([O-])c1ccc(O)c2ncccc12
1614,1558,O=[Si]([O-])O[Si]([O-])([O-])O[Si](=O)[O-].[Mg+2].[Mg+2]
1615,1559,O=[Ti]=O
1616,1560,O=[Zn]
1617,1561,O=c1[nH]c(=O)n(C2CCCO2)cc1F
1618,1562,O=c1[nH]c(=O)n([C@H]2C[C@H](O)[C@@H](CO)O2)cc1C(F)(F)F
1619,1563,O=c1[nH]c(=O)n([C@H]2C[C@H](O)[C@@H](CO)O2)cc1F
1620,1564,O=c1[nH]c2cc(Cl)ccc2o1
1621,1565,O=c1[nH]c2ccccc2n1C1CCN(CCCC(c2ccc(F)cc2)c2ccc(F)cc2)CC1
1622,1566,O=c1[nH]c2ccccc2n1CCCN1CCC(n2c(=O)[nH]c3cc(Cl)ccc32)CC1
1623,1567,O=c1[nH]c2ccccc2n1CCN1CCN(c2cccc(C(F)(F)F)c2)CC1
1624,1568,O=c1[nH]cc(F)c(=O)[nH]1
1625,1569,O=c1[nH]cc(N(CCCl)CCCl)c(=O)[nH]1
1626,1570,O=c1cc(O)c(Cl)c[nH]1
1627,1571,O=c1ccc2ccc(OCCCCN3CCN(c4cccc5sccc45)CC3)cc2[nH]1
1628,1572,O=c1n(CCCN2CCN(c3cccc(Cl)c3)CC2)nc2ccccn12
1629,1573,O=c1nc[nH]c2c1ncn2[C@H]1CC[C@@H](CO)O1
1630,1574,O=c1oc2ccccc2c(O)c1Cc1c(O)c2ccccc2oc1=O
1631,1575,OB1OCc2cc(F)ccc21
1632,1576,OC(CCN1CCCC1)(c1ccccc1)C1CCCCC1
1633,1577,OC(CCN1CCCCC1)(c1ccccc1)C1CC2C=CC1C2
1634,1578,OC(CCN1CCCCC1)(c1ccccc1)C1CCCCC1
1635,1579,OC(CNCC(O)C1CCc2cc(F)ccc2O1)C1CCc2cc(F)ccc2O1
1636,1580,OC(Cn1cncn1)(Cn1cncn1)c1ccc(F)cc1F
1637,1581,OC(O)C(Cl)(Cl)Cl
1638,1582,OC(c1cc(C(F)(F)F)nc2c(C(F)(F)F)cccc12)C1CCCCN1
1639,1583,OC(c1ccccc1)(c1ccccc1)C12CC[N+](CCOCc3ccccc3)(CC1)CC2
1640,1584,OCC(CO)N[C@H]1C[C@](O)(CO)[C@@H](O)[C@H](O)[C@H]1O
1641,1585,OCC(O)CO
1642,1586,OCC(O)COc1ccc(Cl)cc1
1643,1587,OCC(S)CS
1644,1472,OCCN(CCO)CCO
1645,1588,OCCN(CCO)c1nc(-c2ccccc2)c(-c2ccccc2)o1
1646,1589,OCCN(CCO)c1nc(N2CCCCC2)c2nc(N(CCO)CCO)nc(N3CCCCC3)c2n1
1647,1590,OCCN1CCN(CC/C=C2/c3ccccc3Sc3ccc(C(F)(F)F)cc32)CC1
1648,1591,OCCN1CCN(CC/C=C2/c3ccccc3Sc3ccc(Cl)cc32)CC1
1649,1592,OCCN1CCN(CCCN2c3ccccc3Sc3ccc(C(F)(F)F)cc32)CC1
1650,1593,OCCN1CCN(CCCN2c3ccccc3Sc3ccc(Cl)cc32)CC1
1651,1594,OCCN1C[C@H](O)[C@@H](O)[C@H](O)[C@H]1CO
1652,1595,OCCOCCN1CCN(C(c2ccccc2)c2ccc(Cl)cc2)CC1
1653,1596,OCCOCCN1CCN(C2=Nc3ccccc3Sc3ccccc32)CC1
1654,1597,OCCOc1ccc(/C(=C(/CCCl)c2ccccc2)c2ccccc2)cc1
1655,1598,OC[C@@H](O)[C@@H](O)[C@H](O)[C@H](O)CO
1656,1599,OC[C@H]1O[C@@H](O[C@@H]2[C@@H](CO)O[C@](O)(CO)[C@H]2O)[C@H](O)[C@@H](O)[C@H]1O
1657,1600,OC[C@H]1O[C@@H](c2ccc(Cl)c(Cc3ccc(O[C@H]4CCOC4)cc3)c2)[C@H](O)[C@@H](O)[C@@H]1O
1658,1601,OC[C@H]1O[C@@H](n2cnc3c2N=CNC[C@H]3O)C[C@@H]1O
1659,1602,OCc1cc(C(O)CNCCCCCCOCCCCc2ccccc2)ccc1O
1660,1603,OCc1cc([C@@H](O)CNCCCCCCOCCOCc2c(Cl)cccc2Cl)ccc1O
1661,1604,OCc1ccccc1
1662,1605,Oc1c(Cl)cc(Cl)c2cccnc12
1663,1606,Oc1ccc(/C=C/c2cc(O)cc(O)c2)cc1
1664,1607,Oc1ccc(C(O)CNCCCCCCNCC(O)c2ccc(O)c(O)c2)cc1O
1665,1608,Oc1ccc(C2CNCCc3c2cc(O)c(O)c3Cl)cc1
1666,1609,Oc1ccc(CCCCNC[C@H](O)c2ccc(O)c(O)c2)cc1
1667,1610,Oc1ccc2c(c1)CC[C@H](c1ccccc1)[C@@H]2c1ccc(OCCN2CCCC2)cc1
1668,1611,Oc1ccc2c(c1)[C@@]13CCCC[C@@]1(O)[C@@H](C2)N(CC1CCC1)CC3
1669,1612,Oc1ccc2c3c1O[C@H]1[C@@H](O)CC[C@@]4(O)[C@@H](C2)N(CC2CCC2)CC[C@]314
1670,1613,Oc1ncnc2[nH]ncc12
1671,1614,S=P(N1CC1)(N1CC1)N1CC1
1672,1615,S=c1nc[nH]c2nc[nH]c12
1673,1616,[131I-]
1674,1617,[223Ra+2].[Cl-].[Cl-]
1675,1618,[2H]C([2H])([2H])Oc1cc2c(cc1OC([2H])([2H])[2H])[C@@H]1CC(=O)[C@@H](CC(C)C)CN1CC2
1676,1619,[Al+3].[Al+3].[O-2].[O-2].[O-2]
1677,1620,[Al+3].[OH-].[OH-].[OH-]
1678,1621,[Al]
1679,1622,[C-]#[N+]CC(C)(C)OC.[C-]#[N+]CC(C)(C)OC.[C-]#[N+]CC(C)(C)OC.[C-]#[N+]CC(C)(C)OC.[C-]#[N+]CC(C)(C)OC.[C-]#[N+]CC(C)(C)OC.[Tc+]
1680,1623,[C]
1681,1624,[Ca+2].[Cl-].[Cl-]
1682,1625,[Cl-].[K+]
1683,1626,[Cl-].[NH4+]
1684,1627,[Cl-].[Na+]
1685,1628,[Cr]
1686,1629,[Cu]
1687,1630,[Fe]
1688,1616,[I-].[K+]
1689,1625,[K+]
1690,1631,[Li+]
1691,1632,[Mg+2]
1692,1632,[Mg+2].[O-2]
1693,1620,[Mg+2].[OH-].[OH-]
1694,1633,[N-]=[N+]=O
1695,1634,[N]=O
1696,1635,[Se]
1697,1636,c1ccc(-c2ccc(C(c3ccccc3)n3ccnc3)cc2)cc1
1698,1637,c1ccc(CC2=NCCN2)cc1
1699,1638,c1ccc(CN(CC2=NCCN2)c2ccccc2)cc1
1700,1639,c1ccc2[nH]c(-c3cscn3)nc2c1
1701,1640,c1ccc2c(CC3=NCCN3)cccc2c1
1702,1641,c1ccc2c(c1)CCCC2C1=NCCN1
1703,1642,c1ccc2c(c1)Sc1ccccc1N2CC1CN2CCC1CC2
1704,1643,c1cnc2cc3c(cc2n1)C1CNCC3C1
